Player,Dim_1,Dim_2,Dim_3,Dim_4,Dim_5,Dim_6,Dim_7,Dim_8,Dim_9,Dim_10,Dim_11,Dim_12,Dim_13,Dim_14,Dim_15,Dim_16
Abdoul Karim Yoda,-0.8942508,0.029606858,0.13229926,-0.47500527,0.48654208,-0.044407878,-0.26280338,0.07797713,0.01384416,-0.26765013,-0.098397516,0.035660136,0.012798087,0.020606002,0.025048586,-0.46743062
Abdoulaye Doucouré,-0.18024032,-0.024704944,-0.04911277,0.19631265,-0.2416756,0.016280025,-0.20094343,0.076246716,-0.031244684,-0.13032754,0.012809739,-0.009166663,-0.03379159,-0.0048253024,-0.006676003,0.34178808
Abraham González Casanova,-0.07464213,0.05761193,-0.055083413,0.20234996,-0.2505663,0.027165418,0.09369997,-0.4303468,-0.0066794455,-0.07857734,0.02793819,0.00022271903,-0.0025450382,0.020247728,-0.013149971,0.010172686
Adalberto Peñaranda Maestre,-0.53912216,-0.054689325,0.060790226,-0.14933777,0.17699753,-0.08758612,0.5674626,0.24566475,-0.016136736,-0.12038242,-0.055937067,0.016097195,-0.012777069,0.039479826,0.06696559,-0.4554823
Aderllan Leandro de Jesus Santos,-0.046288595,0.5270067,-0.053968355,0.2098789,-0.34703138,0.056121726,-0.53627473,-0.38680452,-0.04046938,-0.51331687,0.041041575,-0.011517107,-0.011652378,0.006182948,-0.018498912,0.54256105
Adil Rami,-0.13345246,-0.052745026,-0.0021781307,0.14966135,-0.19068006,0.0036660342,-0.4877014,-0.67707384,0.0024127008,0.1427489,0.06422096,0.025362805,-0.006026617,0.014518065,0.01543905,0.4367729
Adrián Embarba Blázquez,-0.49937335,-0.29850248,0.076148815,-0.2559495,0.31487378,-0.08633815,0.5494178,0.39072615,0.06379281,-0.053495817,-0.051652722,0.033924382,0.0010578012,0.02708275,0.018454863,-0.13847555
Adrián González Morales,-0.108591184,0.21194454,0.0037125773,0.11998259,-0.1685117,-0.0062645464,0.39684537,0.13874681,0.028791651,0.40848073,0.028184714,-0.0033254651,-0.006384977,-0.023797706,-0.008340211,0.0035874017
Adrián López Álvarez,-0.13764606,-0.64241225,0.0826961,-0.08795774,0.19153254,-0.09354687,0.31440887,-0.11041139,0.060508013,-0.09744058,-0.0055910693,0.010827213,-0.011024537,0.014397619,0.004830114,-0.58317
Adrián Marín Gómez,-0.15844081,0.25184393,0.116701595,-0.24858235,0.16469449,-0.005459328,-0.7967231,0.015060076,0.056285024,-0.3635522,-0.022452397,0.03822518,-0.0022011455,0.010459495,-0.03380599,0.6880074
Alberto De La Bella Madureño,0.0972818,0.123912096,-0.0002500961,0.0067109894,-0.052643992,0.034263942,-0.07432452,0.19407636,-0.038239427,-0.15476367,-0.0120722735,-0.018112566,0.028515032,0.024452133,-0.024985896,1.0077555
Alberto Lora Ramos,0.13737585,0.100070246,0.01650259,-0.015061397,-0.033482086,0.022797596,-0.22461492,-0.09325247,-0.00772038,-0.42663008,-0.004209876,0.00029553653,0.0024224406,0.01021127,-0.027887369,0.7727853
Alberto Mateus Contreiras Gonçalves,0.31997398,-0.06031118,-0.02112838,0.04516578,-0.05909117,0.06869765,1.2220111,-0.5301357,-0.0046524936,0.07866954,-0.028504966,0.0028580858,0.03616989,0.029276714,-0.020348214,-0.7237444
Alejandro Arribas Garrido,0.25548187,0.532318,0.008996637,0.03309462,-0.11868088,0.021008436,-0.03228722,-0.4193469,-0.01427,-0.59724236,0.020823495,-0.0022003832,-0.00074234366,-0.012328394,-0.017241243,0.5796809
Alejandro Bergantiños García,-0.046785463,0.26409164,-0.005215664,0.21315609,-0.292463,-0.001558318,-0.15483454,0.07261779,-0.011515287,0.18985616,0.051287357,-0.021823665,-0.0073978775,-0.01006821,-0.0010326725,0.6114768
Alejandro Menéndez Díez,-0.093872815,0.197829,0.08824279,-0.20225193,0.1955804,-0.029841904,0.6193278,-0.13543046,0.03403854,-0.35522524,-0.03916458,0.02091715,0.0057935016,-0.024469763,0.0097852545,-0.34006667
Aleksandar Pantić,0.7025708,0.50527066,0.02469395,-0.052283503,0.02065223,0.04507161,0.62120014,-0.8353823,-0.04150171,-0.6770687,-0.01707314,0.006436278,-0.03132502,-0.05869972,-0.012305964,0.36958712
Alen Halilović,-0.910941,-0.3286854,-0.004738025,-0.082485765,0.12051043,-0.0026608387,-0.13620287,0.0223104,-0.0061071143,0.054790422,-0.009834656,0.008105402,-0.006823449,-0.0055375737,-0.011947356,-0.9124139
Alexis Ruano Delgado,0.43342963,0.5780189,0.006680234,-0.008205243,-0.07273016,-0.01261921,-0.7087577,-0.5414287,0.015807228,-0.8026359,0.036377437,0.007059744,-0.02668985,-0.014867163,0.0015196855,0.19240865
Alfred John Momar N''Diaye,-0.3350711,0.5882386,-0.03711722,0.14128505,-0.2232023,0.018897144,0.16474727,0.15782706,-0.06277463,-0.24067904,-0.0054200827,-0.02568076,-0.017765213,-0.014459324,-0.0014491191,0.5517773
Alhassane Bangoura,-1.0521079,-0.42862225,0.15799536,-0.5688144,0.6669713,-0.11436328,0.38935158,0.04190254,0.0684444,-0.04008388,-0.09896177,0.04714185,0.003217828,0.044062924,0.029921632,-0.6448562
Alphonse Areola,1.7509923,-0.3498247,0.054514665,-0.30326703,0.5273817,-0.05221825,-0.075359225,-1.1998131,-0.031744782,0.512233,-0.024789505,0.015435066,-0.042754054,-0.021226749,0.086471125,-0.24733499
Ander Capa Rodríguez,0.18492883,0.16248403,0.08903676,-0.3158566,0.32164264,-0.03431998,0.14496253,0.30373278,0.029288849,-0.8360551,-0.072620004,0.024268188,0.036289774,0.036668826,-0.021292113,0.77016073
Ander Iturraspe Derteano,-0.33953792,-0.0814559,-0.040315088,0.16206393,-0.1650729,0.01485881,-0.34072793,-0.8311126,-0.029980622,-0.097570285,0.027270544,-0.0066095386,-0.004844207,0.007999209,-0.00836813,-0.12064491
André Filipe Tavares Gomes,-0.5939582,-0.29931954,0.0030299302,-0.004506824,0.03196263,-0.027723456,-0.27453914,1.1145695,-0.008190677,0.339196,-0.023897903,0.0039222334,-0.030201554,-0.010534341,0.03207707,0.17361762
Andrés Eduardo Fernández Moreno,1.2658218,-0.51166284,0.016630756,-0.20235878,0.43181792,-0.04071233,0.057462037,-1.5433924,0.01470834,0.37513146,0.0144270575,0.032408312,-0.042554498,-0.016364919,0.06414589,0.14349954
Andrés Iniesta Luján,-0.29064557,-0.68831605,-0.03767166,0.08614402,-0.060478784,0.07281109,-1.3309097,0.938107,-0.020698782,0.6712701,0.017351443,0.004879492,-0.030450435,-0.016489156,-0.028709352,0.21463598
Antoine Griezmann,0.15844901,0.22212215,-0.028652117,0.2724004,-0.2917492,-0.051719006,0.2813309,1.0108138,0.011717436,0.20410143,0.073670715,-0.004870756,-0.028077805,-0.04472077,0.046060212,-0.29185122
Antonio Adán Garrido,1.6216857,-0.63308215,0.012913695,-0.38299084,0.6520466,-0.048701838,0.42617485,-1.2716051,0.050926045,0.3755751,-0.02502798,0.0719046,-0.034986753,0.0323124,0.06465568,0.1804359
Antonio Amaya Carazo,0.2683135,0.4112129,0.014207327,0.03256602,-0.09806372,0.02169567,-0.039857794,-0.5385516,-0.02884207,-0.36482507,0.015239986,-0.010984961,0.009075959,-0.009627356,-0.0065365126,0.36086923
Antonio Barragán Fernández,-0.05024538,0.29743102,0.023684857,-0.028999902,-0.04098738,0.030658843,-0.2612232,-0.15253434,-0.027520282,-0.27763087,-0.008058746,-0.011667024,0.018107433,0.012667491,-0.02261227,0.7915249
Antonio García Aranda,-0.41685674,0.10511907,0.10984074,-0.26368734,0.2382408,-0.06526779,-0.5218014,0.19195083,0.06434573,-0.5032165,-0.040154297,0.061315186,-0.0017663746,0.032017227,0.007329046,0.60158086
Antonio Manuel Luna Rodríguez,-0.03354877,0.06757971,0.0792006,-0.19822474,0.16328143,-0.02009186,-0.09758156,-0.30785638,0.05142602,-0.54097086,-0.044116773,0.030376479,-0.013215794,0.010216783,-0.02523676,0.46669984
Antonio Rodríguez Martínez,0.42417103,-0.39007574,-0.03683651,0.14541867,-0.0206327,0.01015622,-0.42062148,-1.606253,-0.036970086,0.34876108,0.08901118,0.0012547232,-0.036518283,-0.02156106,0.04380731,0.17194994
Antonio Rukavina,-0.114010334,0.20434663,0.04211153,-0.052493606,-0.020260008,0.023277823,-0.31125876,-0.46276495,-0.001998446,-0.14716813,0.003149199,0.0061535314,-0.012575874,0.0030727647,-0.01762638,0.61212623
Arda Turan,-0.21288759,-0.46898583,-0.10383929,0.2501039,-0.22348548,0.051601686,-1.0107667,0.014567375,-0.03630422,0.25398803,0.04890497,-0.02335058,-0.019546703,-0.0044119456,-0.023300424,-0.65327233
Aritz Aduriz Zubeldia,0.20117904,-0.20575923,0.012301685,0.08973301,-0.10520934,0.003234731,0.91813713,0.6468831,0.012226018,0.20651998,0.04338512,-0.0020036176,0.00616739,0.0071674734,0.0029667087,-0.7270984
Aritz Elustondo Irribaria,-0.054000862,0.33400613,0.045016415,-0.052186698,-0.009675727,-0.012459655,-0.36610693,0.017730467,0.018995782,-0.32407525,0.006635713,0.011211733,0.002943234,-0.004458616,-0.013355497,0.6684787
Armindo Tué Na Bangna,-0.88282925,-0.1412233,0.044022862,-0.18492316,0.19709462,-0.041923575,-0.12201524,0.020575196,0.054577377,0.1314432,-0.023826806,0.013549933,-0.014129011,-0.01791104,-0.010553357,-0.8632072
Arnaldo Antonio Sanabria Ayala,-0.19329435,0.16115452,-0.05364342,0.18162663,-0.21879855,0.036223147,0.93155354,0.44159192,-0.05336011,0.28688294,-0.00018050856,-0.023291659,0.009368813,-0.00637044,0.0018180436,-0.2735191
Arthur Etienne Boka,-0.62977856,0.11660182,0.07354811,-0.15520756,0.10916401,-0.02375364,-0.6726182,0.20281056,0.04169975,-0.11806405,-0.031938326,0.046416488,-0.0010865701,0.021033468,-0.003979149,0.594489
Asier Illarramendi Andonegi,0.34579802,0.19796559,0.006221628,-0.07661321,0.05846631,-0.035102002,-0.42858097,0.732639,-0.0032034868,-0.4556168,-0.046224296,-0.011831078,0.037137214,0.005912478,-0.004739441,0.77154607
Asier Riesgo Unamuno,1.382673,-0.6421016,0.03248412,-0.35091797,0.6107094,-0.04604265,0.3077065,-1.4187835,0.06508371,0.39512748,-0.013042653,0.06822866,-0.033341262,0.013847141,0.05160785,0.23843622
Augusto Matías Fernández,0.32365862,0.17112824,-0.06584802,0.113481864,-0.14436266,-0.00378195,-0.89265966,0.49871084,-0.055236157,-0.37492347,-0.014782451,-0.03950763,0.026736762,-0.012152271,0.005436923,0.43144155
Aymen Abdennour,0.087567374,0.3513374,-0.01671263,0.07280137,-0.19703852,0.043437455,-0.7386343,-0.28315303,-0.008532476,-0.35295248,0.027699463,-0.00076881493,0.006914578,0.010998159,-0.027955104,0.40103054
Aymeric Laporte,0.14087464,0.36720708,-0.007366038,0.2025283,-0.29380748,-0.012413179,-0.67832315,0.029952213,0.0039712144,-0.11118398,0.08530521,-0.0076664877,-0.019310512,-0.010784531,0.0039322437,0.49378663
Aythami Artiles Oliva,0.15983155,0.0448681,-0.033554476,0.20575488,-0.29210517,0.03961408,-0.73245883,-0.1853843,-0.045146976,0.08970283,0.05690668,-0.012640632,0.0071702753,0.018981444,0.0022869308,0.7637935
Benoît Trémoulinas,-0.35738596,-0.26560163,0.036233984,-0.02589313,0.025605535,-0.033860423,-0.13314795,0.16191645,0.037116725,0.115213245,-0.0062704594,0.018018324,0.0022764953,0.031394918,-0.0047859447,0.79862076
Bernardo José Espinosa Zúñiga,0.4402058,0.61161596,-0.013502087,0.11825393,-0.20968196,0.054272525,0.22267897,-0.4964924,-0.028311577,-0.59592694,0.029694762,0.0012124993,-0.020234711,-0.036132228,-0.019591883,0.5199025
Beñat Etxebarria Urkiaga,0.10947296,-0.2155806,0.018088602,0.0027799283,0.037126992,-0.051332053,-0.42907536,0.64037347,0.013319459,0.13954237,0.0032323683,-0.0061199525,0.012698942,-0.003726633,0.010491777,0.75001395
Borja González Tomás,0.37978756,0.10353034,-0.071607955,0.34943822,-0.40404457,0.053989902,1.2572727,0.42219007,-0.029868802,0.3485695,0.05024079,-0.01621332,0.026779363,-0.006212243,-0.0015757936,-0.65446216
Bruno González Cabrera,0.20038988,0.67648214,-0.049675833,0.19794488,-0.2902915,0.039630413,-0.20958173,-0.5367342,-0.06638433,-0.5577646,0.043398835,-0.025729032,-0.014287767,-0.027644852,0.0032943632,0.36229193
Bruno Soriano Llido,0.3266264,0.13020328,0.0027701845,0.049215533,-0.13048999,0.013542909,-0.9462642,0.51357204,0.0319332,0.0012561467,0.0207606,-0.0021878,-0.00692795,-0.024563408,-0.029615937,0.38223824
Carl Medjani,-0.04592589,0.27922952,0.024038311,0.117488265,-0.18601044,-0.0050897514,-0.25628212,-0.66499674,0.0025395267,0.11205002,0.0692124,0.007937653,-0.008414185,-0.01276975,0.009445527,0.46239
Carles Planas Antolínez,0.36811775,-0.053566717,0.001411792,0.01867756,-0.029608665,-0.004188402,-0.31458035,0.19334432,-0.02690945,-0.18959664,-0.016902372,-0.030547287,0.016367324,0.01966241,-0.0064432244,0.7177364
Carlos Alberto Vela Garrido,-0.7554301,-0.18607551,0.026527155,-0.06315109,0.08635707,-0.031395946,0.0052640643,0.6111834,0.0007685097,0.2901083,-0.004046071,0.018758783,-0.018210722,-0.0069317715,0.022002188,-0.25951752
Carlos Carmona Bonet,-0.4307701,0.027444255,0.051616658,-0.1190078,0.12248373,-0.045234807,0.44411778,0.22581129,0.003364232,-0.42520326,-0.046947364,-0.0038175285,-0.0054719346,0.016130662,0.0066276505,0.08445087
Carlos Castro García,-0.007915187,0.17646638,-0.042400703,0.14493401,-0.19957213,0.040213313,0.6420718,-0.64525765,-0.025763582,0.20186132,0.021611348,-0.0005484396,0.022296522,0.020666532,0.016591795,-1.0602857
Carlos Gurpegi Nausia,0.008342935,0.4654346,-0.036630116,0.20207809,-0.3337776,0.068580136,-0.3006439,-0.5983583,-0.05948477,-0.30774593,0.049708165,-0.012205176,-0.013620921,0.00028843753,-0.009435481,0.6521961
Carlos Henrique Casimiro,0.1958477,-0.026351867,-0.116632655,0.31117564,-0.30669168,0.0019556624,-0.44885972,0.34110475,-0.04891765,-0.049524404,0.033706028,-0.05652791,-0.013625079,-0.028482383,0.0017769589,0.29522204
Carlos Martín Vigaray,-0.24371049,0.5427302,0.03696968,-0.027028423,-0.033981208,0.0024999785,0.09868506,-0.14585595,-0.051083393,-0.3679611,-0.014726447,-0.011496333,0.009556537,-0.012511828,0.004618325,0.40291867
Celso Borges Mora,-0.11251252,0.20648907,-0.047528595,0.276171,-0.3636942,0.009611796,-0.26180923,0.121490024,-0.010738126,-0.09633707,0.048278164,-0.025724532,-0.030802218,0.003820221,-0.014434397,0.33743644
Charles Días Barbosa de Oliveira,0.023815254,0.05608146,-0.085099794,0.35668254,-0.40938842,0.042163715,0.9415147,0.44309536,-0.023088252,0.3645835,0.044637457,-0.025963297,0.010961242,-0.008309407,-0.025048964,-0.16415146
Charly Musonda Junior,-1.1913342,0.00042569172,0.11972234,-0.5031122,0.5445307,-0.04940209,-0.040312856,0.51701045,-0.0312806,-0.37200862,-0.11538873,0.03365297,0.0122086555,0.038069688,0.056765478,-0.59545165
Christian Atsu Twasam,-0.43139958,0.09488066,0.016317016,-0.07782363,0.059933174,-0.007598769,0.2527247,-0.2679599,0.009804641,0.23133615,-0.0078936545,-0.008094599,-0.01795398,-0.02667217,0.0023320145,-0.9590379
Claudio Andrés Bravo Muñoz,0.5933803,-0.22366582,-0.08474441,0.25774953,-0.16246547,-0.00011577597,-0.9325219,-1.3752558,-0.07849085,0.39752287,0.10031884,-0.05554336,-0.015839644,-0.025178788,0.05048158,-0.31785598
Cristiano Biraghi,-0.13390726,0.10926486,0.075279854,-0.11898649,0.080112115,-0.0018265587,0.029351272,-0.4164328,0.014824011,-0.13586889,-0.006529735,0.021496091,0.004438441,0.009562757,-0.015011732,0.8261925
Cristiano Piccini,-0.6164688,0.3556587,0.058834177,-0.16088264,0.10032654,0.0048980922,-0.3788869,0.5552461,0.0061036292,-0.28753662,-0.038399063,0.021965316,-0.016892541,0.0048206784,-0.009983597,0.58541596
Cristiano Ronaldo dos Santos Aveiro,0.17793882,-0.31754187,-0.18875512,0.53217447,-0.600026,0.17528906,0.34897196,1.3401798,-0.058042705,0.54097724,0.13203974,-0.013515499,0.0028997117,-0.02974365,-0.045504726,-1.3703448
Cédric Bakambu,0.033766776,0.035017252,-0.012174414,0.10472891,-0.14162019,0.029009737,0.8360139,0.03275934,-0.010469453,0.25979817,0.011996569,-0.012345943,0.013003864,-0.003922948,-0.0046954756,-0.75520545
Damián Nicolás Suárez Suárez,-0.23424688,0.037923783,0.047740255,-0.060275268,0.027167188,-0.012085176,-0.3864601,0.13633935,-0.0015437639,-0.27578232,-0.019123446,0.010019211,-0.0050564343,0.024829987,-0.008744955,0.83926886
Dani Castellano Betancor,-0.20820197,0.3042932,0.04408485,-0.13640799,0.07939596,-0.025203003,-0.67328405,0.38283962,0.014328734,-0.5588513,-0.048930094,0.014764544,0.008511965,0.019549109,-0.0048539704,0.6453931
Daniel Alves da Silva,0.03220642,-0.6084004,-0.034674235,0.106183186,-0.06946091,0.030251734,-1.1993687,0.62618023,-0.021851651,0.37764686,0.012990068,-0.0065749246,-0.008720839,-0.0074482374,-0.017179176,0.4033511
Daniel Arnaud N''Di	,-0.4443337,-0.15798548,0.07936172,-0.32379776,0.36884075,-0.06353707,0.5184953,-0.07706891,0.067687616,0.2301345,-0.070092924,0.049175326,-0.0034921735,0.04643674,0.012034467,-0.33671278
Daniel Carvajal Ramos,0.039170876,-0.30170676,-0.04150976,0.051773015,-0.039195646,0.004339875,-0.9588713,0.49764994,-0.017617337,-0.25769094,-0.028985893,-0.019984668,0.0079613505,7.920492e-05,-0.01842314,0.26212707
Daniel Ceballos Fernández,-0.64097583,-0.17594738,0.044125196,-0.18652734,0.21747437,-0.037321515,-0.4591909,0.35327765,-0.0039729187,-0.06033124,-0.0670544,0.015177844,-0.008986661,0.017653609,0.025707418,-0.014501629
Daniel Filipe Martins Carriço,0.42485723,0.122405395,-0.0035480703,0.061866324,-0.11004082,0.013557075,-0.57206434,-0.3424699,0.0074162697,-0.07413464,0.025608715,0.0077651995,-0.027307497,0.012806649,0.004393354,0.09600375
Daniel García Carrillo,-0.0960268,0.11000338,0.033046782,-0.032799467,-0.029543761,-0.00035404242,-0.19344127,0.32990882,0.013302038,0.07224226,-0.01733417,-0.0056830356,0.0086726565,0.015795758,-0.018713072,1.0218502
Daniel Parejo Muñoz,0.13254055,-0.10895058,-0.020800252,0.18189001,-0.12015055,-0.07469848,-0.4339525,0.9375376,-0.029850436,0.26228625,0.048525035,-0.021112211,-0.030604662,-0.032280345,0.060485892,0.38390008
Daniel Wass,-0.00050698005,-0.29759052,-0.04063932,0.18632525,-0.16658682,-0.025225034,-0.09033098,0.4604443,0.017771803,0.2510089,0.026209567,-0.01949347,-0.010539208,-0.013326187,-0.008462565,0.3889156
Daniele Bonera,0.2382641,0.10857371,-0.013616449,0.12463407,-0.1895239,0.04879377,-0.6999405,-0.6691517,-0.039356027,0.17778996,0.05162414,0.0056946925,-0.005066485,0.008158798,0.016902925,0.12389325
Danilo Barbosa da Silva,-0.88843024,0.18933347,0.0013006149,-0.044238687,0.015516532,-0.019389829,0.037128065,-0.04587995,-0.0066916645,-0.012995023,-0.030410305,0.017854054,-0.02298092,0.00628286,0.009292685,-0.06706885
Danilo Luiz da Silva,0.316812,-0.28052926,-0.075187266,0.22273403,-0.21437474,-0.007886394,-0.8985366,0.70064706,-0.008333347,-0.15736301,0.02790582,-0.031770546,-0.00018962643,-0.010894288,-0.024227314,0.5629669
David Barral Torres,-0.45811805,0.100379266,-0.13344789,0.38465428,-0.48000574,0.11153215,0.96412414,-0.72817177,-0.074125044,0.25260708,0.012731712,-0.055070017,0.057110637,0.0073716263,-0.03582557,-0.8466825
David García Santana,0.30532646,0.2615628,-0.013042408,0.17168513,-0.25000522,-0.0036477987,-0.63832074,0.005815224,0.010428846,-0.2547993,0.068664275,-0.008897405,-0.00900082,-0.007207218,-0.0059261546,0.65959394
David Juncà Reñé,-0.07126697,-0.13669248,0.079931244,-0.24593498,0.27483445,-0.04586763,0.14506847,0.025650078,0.03347864,-0.39332992,-0.065787986,0.013568458,0.015457997,0.032517605,-0.013690283,0.4994524
David Navarro Pedrós,0.2686555,0.51418865,-0.018636987,0.13433775,-0.23418038,0.05027985,-0.24724826,-0.717279,-0.058357596,-0.2966819,0.012666832,-0.01562507,-0.00630954,-0.018377218,0.00024477765,0.25312588
David Rodríguez Lombán,0.19718562,0.44323117,-0.022577003,0.1599194,-0.22291459,0.023062527,-0.3742867,-0.8544738,-0.058262706,-0.37291008,0.04389057,-0.009712276,-0.017532345,-0.018790023,0.018569823,0.34457362
David Simón Rodríguez Santana,-0.26514614,-0.10350865,0.041723862,-0.03870241,0.01356328,-0.008587103,-0.3260481,0.3680058,0.014627181,0.0915259,0.0027013642,0.008898977,-0.003999507,0.018221145,-0.0052621,0.7138386
David Zurutuza Veillet,-0.41741604,-0.032067187,-0.020645984,0.0020466943,-0.0074108006,-0.027168067,-0.32889998,0.6053348,0.02860605,-0.5843509,-0.024430577,0.01392272,-0.021919403,0.013904128,-0.019365838,-0.025281465
Denis Suárez Fernández,-0.4950657,-0.140521,0.09760858,-0.2737805,0.31893587,-0.08252037,0.20549732,0.44398698,0.034832012,-0.13507637,-0.0526995,0.022308817,0.0024204992,0.018623339,0.03706396,-0.0758945
Deyverson Brum Silva Acosta,0.3211326,-0.054041944,0.01069234,-0.050033998,0.05245401,0.0352236,1.2748665,0.48039302,0.01013924,0.15888849,0.0028466608,0.0186167,0.024458352,0.022818528,-0.0077598216,-0.31672361
Diego Alves Carreira,1.2989832,-0.09177021,-0.045529075,0.12884933,0.0561325,-0.021670457,0.03368509,-1.6571782,-0.12818512,0.3092483,0.081818596,-0.03553407,-0.04439905,-0.06658787,0.12154721,0.10118646
Diego Antonio Reyes Rosales,0.2153336,0.5380238,-0.0057029007,0.072619446,-0.1779092,0.013780459,-0.49184316,-0.18863204,-0.014141983,-0.5321674,0.012578587,-0.0139664905,-0.010946928,-0.0026172122,-0.00890638,0.3871981
Diego Javier Llorente Ríos,0.0055827843,0.42613295,0.0017019894,0.07807776,-0.16446227,-0.0008547006,-0.40340573,0.104969874,-0.021357335,-0.3699899,0.0036852835,-0.004403371,-0.0054780003,0.0009078763,0.006606903,0.5388266
Diego Mariño Villar,0.9188343,-0.2660862,-0.014213339,0.08054271,0.049924083,0.007762554,-0.34725696,-1.5912521,-0.06347017,0.46583867,0.075224735,-0.021697724,-0.029687224,-0.05222135,0.05881055,0.22743453
Diego Roberto Godín Leal,0.11787088,0.45729157,-0.045189057,0.18245675,-0.27067727,0.04096254,-0.1707423,-0.35699967,-0.037015297,-0.49577692,0.03229591,-0.0072363936,-0.011522694,-0.012438505,-0.017399836,0.3636759
Dimitri Foulquier,-0.18945453,0.4834181,0.018893031,-0.069860555,0.03317071,-0.01250477,0.0994439,-0.289669,-0.037593216,-0.7079567,-0.023080418,-0.009189685,-0.026163751,-7.4261356e-05,0.010460502,0.10166409
Duje Čop,-0.3123612,-0.02257343,0.008135084,0.06338182,-0.087250374,-0.009244752,0.911831,0.1888955,0.0002756561,0.19576791,-0.0054380666,-0.01803999,0.014649668,-0.0072754393,-0.015195107,-0.2240923
Edgar Antonio Méndez Ortega,-0.04472331,-0.06910569,0.10221375,-0.35837916,0.3872921,-0.024113629,0.8373467,-0.35416275,0.083975226,0.050006915,-0.048923016,0.050637115,-0.014578841,0.017187197,-0.01743567,-0.2668472
Emiliano Buendía,-0.36061507,0.06750864,-0.057248406,0.078893006,-0.11697705,0.0033361623,-0.06021986,-0.4114082,-0.0034236931,-0.07011614,-0.009063082,-0.013521433,0.014165139,0.016675148,-0.016540354,-0.4026727
Emiliano Daniel Velázquez Maldonado,0.5770264,0.5395623,0.077668086,-0.1133121,0.05221956,-0.04034699,0.13705748,-0.18361582,0.059805192,-0.9628574,0.020813467,0.02038516,-0.02595954,-0.018292846,-0.010641305,0.17430273
Eneko Bóveda Altube,0.38519514,0.18254852,0.07727242,-0.20934577,0.18114951,-0.018994082,-0.34738547,-0.059717752,0.028917648,-0.19332764,-0.023556557,0.017512515,0.0019374655,-0.00034444247,-0.0053440966,0.5672256
Enzo Nicolás Pérez,-0.53370935,0.23763427,-0.047885694,0.17068431,-0.24933207,0.02410854,-0.33908844,-0.12846893,-0.0647126,0.07275692,-0.003952597,-0.015520493,-0.02564261,0.0055335937,0.0173085,0.26787132
Enzo Pablo Roco Roco,0.21338809,0.34069294,-0.00071204785,0.09223956,-0.18091866,0.040908936,-0.4253348,-0.52570623,-0.017135685,-0.2119439,0.032313783,0.0054960106,-0.022090428,-0.010649058,-0.008075725,0.19498903
Eric Bertrand Bailly,0.14074007,0.30801898,0.014100611,0.0072019603,-0.07319455,0.033805028,-0.28938973,-0.6117165,-0.023338318,-0.28043634,0.005259578,0.004499138,0.0030381768,-0.008103057,-0.008708058,0.27528325
Esteban Félix Granero Molina,-0.28999063,0.009218539,0.019717898,-0.028612945,0.04527894,-0.03940434,-0.10837573,-0.065439336,-0.027602997,0.034562238,-0.027641252,-0.017967382,0.0035610336,-0.016278015,0.00712486,0.42200547
Fabián Ariel Orellana Valenzuela,-0.6019824,-0.44242996,0.059688814,-0.29117545,0.35821912,0.033240244,-0.5388992,1.5682809,-0.042225566,-0.020365573,-0.060654163,0.032684524,-0.011759079,-0.00805814,0.0324051,-0.47727194
Fabián Ruiz Peña,-0.570904,-0.17063893,0.005904746,0.012160843,-0.0200872,-0.017512446,0.053228203,-0.48753288,0.003600928,0.0687785,-0.015159099,-0.005354235,-0.026678557,0.0045352275,-0.0031738172,-0.34516522
Fayçal Fajr,-0.2547059,-0.08345916,0.031986833,0.074860536,-0.076371156,-0.05703176,-0.29135627,0.35552946,0.069408216,0.22243464,0.047878955,0.01885531,-0.03754212,-0.016127503,0.0047529624,0.28695983
Federico Nicolás Cartabia,-0.48468506,-0.09319372,-0.06864728,0.1489157,-0.15374824,0.026671626,0.24423184,0.29470342,-0.025285486,-0.07889391,0.010355668,-0.011385716,-0.015452474,-0.0022134262,-0.010708088,-0.5424132
Felipe Salvador Caicedo Corozo,-0.38320175,0.3413685,-0.03864067,0.117907494,-0.19844048,0.044571176,0.91478044,0.079106495,-0.05858636,0.26787546,0.0018204652,-0.023631463,0.010021831,-0.0030234086,0.00050808536,-0.6332035
Fernando Damián Tissone,0.009110521,0.15336232,0.044188205,-0.12353205,0.0790167,-0.018904246,-0.5107358,0.3043842,0.045143306,-0.19379885,-0.028828306,0.015793936,0.0015303433,0.005214639,-0.018264124,0.5625447
Fernando José Torres Sanz,-0.21296762,0.018718971,0.020064719,-0.025894448,-0.024475845,-0.004282523,1.0607802,0.29283693,0.015485313,0.16664232,-0.005529112,0.010796924,0.025114065,0.031314533,0.014557656,-0.93028605
Fernando Llorente Torres,0.13935438,-0.16456127,-0.013312854,0.044284374,-0.06358178,0.044047453,1.1187886,-0.12069578,0.0071843434,0.0699348,-0.011619256,-0.009822147,0.015815329,0.02058215,-0.041078977,-0.5181429
Fernando Navarro i Corbacho,-0.07979238,0.16790913,0.04783138,-0.06648434,0.003082406,-0.0019066614,-0.4035261,-0.22197467,0.015822703,-0.46176594,0.0004494586,0.019716684,-0.0009642002,0.026642313,-0.02039304,0.7874365
Filipe Luís Kasmirski,-0.19411436,-0.11169838,0.098227486,-0.333136,0.3448151,-0.023262303,-1.0492731,1.0815516,0.00073445844,-0.54683745,-0.12429053,0.020626104,0.039825168,0.022468999,-0.01120387,0.4334072
Francisco Alcácer García,0.16961418,0.12433043,-0.09492165,0.38016453,-0.4438229,0.05404781,1.013574,0.07124333,-0.045803096,0.079467826,0.034266084,-0.03983259,0.01219715,0.010951072,-0.01794131,-0.7344406
Francisco Guillermo Ochoa Magaña,1.2094178,-0.43035838,4.587119e-05,-0.12895717,0.34353843,-0.029762154,0.2978225,-1.6537261,0.0016924496,0.30896127,0.022227442,0.035234764,-0.037686847,-0.02223866,0.068474345,0.10064656
Francisco José Molinero Calderón,-0.06932846,0.046155002,0.07904899,-0.21086657,0.2040178,-0.012954128,-0.19122273,-0.34265128,0.0104535455,-0.15622519,-0.04490527,0.03647198,-0.027208723,0.01628936,0.020051152,0.15764546
Francisco Manuel Rico Castro,0.05352439,0.0380996,0.05786379,-0.09001509,0.05096902,-0.00766272,-0.08522902,-0.1270448,0.046175465,0.20162809,-0.009472884,0.015557824,-0.011661129,-0.004850631,-0.009468619,0.077426784
Francisco Medina Luna,-0.45834988,-0.39410332,0.12763773,-0.28363815,0.3416429,-0.115199775,0.6805627,-0.16498186,0.10509773,-0.038457956,-0.041166704,0.029793138,0.0047525517,0.025111761,0.010280293,-0.5192568
Francisco Miguel Varela Martín,-0.21944745,0.11777426,0.024828853,0.038228627,-0.09672928,0.022498254,-0.121153206,-0.44396284,-0.0030346788,0.004217689,0.024487618,0.0012063705,0.0016391507,-0.0007787439,-0.022171,0.57398677
Francisco Portillo Soler,-0.867728,-0.15487021,0.0064524957,-0.060104925,0.046425167,0.00955875,-0.40025935,0.12563342,-0.024927504,0.19966696,-0.053158365,0.0024936975,0.008664546,0.013314232,0.009374382,-0.27226287
Francisco Román Alarcón Suárez,-0.6089833,-0.54436445,-0.05470627,-0.019851917,0.04671807,0.070439614,-0.70543224,0.71346027,-0.050753083,0.013039977,-0.04483729,-0.010930023,-0.0111034755,0.0048560956,-0.027514989,-0.6958158
Gabriel Fernández Arenas,0.111885734,-0.21584217,0.022757731,0.0074829664,0.004371333,-0.030278135,-0.73849267,0.7226343,-0.01838725,0.23981223,-0.01345807,-0.008203,0.0060520708,-0.0091881845,0.01969625,0.83954227
Gareth Frank Bale,0.23925765,-0.25545648,-0.03711248,0.22195473,-0.21413413,0.031198662,0.1846532,1.0103981,-0.010536674,-0.16846359,0.07767813,-0.005879988,-0.02298746,-0.035841715,-0.00393893,-1.0564727
Gerard Moreno Balaguero,-0.48080766,-0.10264685,0.030179866,-0.13512923,0.13135047,0.007573616,0.7094797,0.37200218,-0.004738531,0.005202876,-0.04801713,0.009822569,-0.0026357833,0.0098948125,0.0034361188,-0.55570054
Gerard Piqué Bernabéu,0.28275073,-0.27848294,-0.06996698,0.29956502,-0.34490103,0.03980381,-1.5126841,0.34327447,-0.02363788,0.5812944,0.12014293,-0.0095087765,-0.02601307,-0.00060499983,0.0035949969,0.53082204
Germán Alejandro Pezzella,0.43261597,0.63235486,-0.023239806,0.18906967,-0.29145482,0.051492758,0.2353463,-0.38438466,-0.04566056,-0.5885551,0.030496055,-0.025693938,-0.017709764,-0.027679645,-0.019405,0.40893447
Germán Darío Lux,0.90344566,-0.75689054,0.021174176,-0.26955977,0.49227044,-0.029121758,0.11029029,-1.5087088,0.087638006,0.39489716,0.007578038,0.06744835,-0.018031722,0.028486963,0.023608003,0.4068382
Gerónimo Rulli,0.79091525,-0.5583103,0.0027076388,-0.10165846,0.2523829,0.005397374,-0.15852708,-1.3942405,0.03040521,0.44001254,0.02638599,0.030735595,-0.012346618,0.004817047,0.015563624,0.24478146
Giuseppe Rossi,-0.5867688,0.19278412,-0.053311832,0.22718236,-0.30348334,0.0209716,0.23159975,0.3242352,-0.048677634,0.12236096,0.045838576,-0.02435292,-0.011865176,-0.019995665,0.0050245835,-0.92013085
Gonzalo Castro Irizábal,-0.7060333,-0.38494608,0.13319594,-0.38317898,0.48119867,-0.12747234,0.21022043,0.12848882,0.08352342,-0.13135952,-0.064877495,0.045411874,-0.0005727468,0.028704338,0.026481764,-0.14591289
Gonzalo Escalante,-0.16706221,0.40349707,0.037511863,-0.08677988,0.04216948,-0.023139868,0.21816847,0.40742946,-0.011949759,-0.4129563,-0.0496598,-0.004285108,-0.00075958547,0.014568406,0.0031205988,0.57571185
Gorka Iraizoz Moreno,0.64959365,-0.7233382,0.030350937,-0.195364,0.38038006,-0.021858238,-0.19618212,-1.4936,0.081075795,0.45600975,0.028192746,0.05073562,-0.009755705,0.021944933,0.015938664,0.5056311
Grzegorz Krychowiak,0.12411752,0.4661066,-0.07201986,0.19692992,-0.29223087,0.020419028,-0.519693,0.32442996,-0.026483715,-0.40233883,0.03377892,-0.027619254,-0.0005906842,-0.01154215,-0.016891377,0.80022395
Guilherme Magdalena Siqueira,-0.46266177,0.18902406,0.05662499,-0.13632536,0.092627995,-0.01252231,-0.72076684,-0.009895436,0.019305496,-0.38364324,-0.017583681,0.038454827,-0.009443965,0.009833605,0.0028466294,0.27331886
Gustavo Daniel Cabral Cáceres,0.3567817,0.1391651,-0.043142505,0.12430961,-0.19481371,0.0020311046,-1.172135,0.14090519,-0.035363242,-0.16442291,0.028535822,-0.030847419,0.01733889,0.002604263,0.004393684,0.77152216
Heiko Westermann,0.19393241,0.58435357,-0.032821532,0.21020198,-0.3246779,0.059988342,0.1672382,-0.4463237,-0.060444426,-0.3521096,0.03746093,-0.012895158,-0.0037203275,-0.013112414,-0.004962155,0.27967826
Hernán Arsenio Pérez González,-0.7598822,0.05928788,0.14013365,-0.49298364,0.5338076,-0.029503845,0.2082717,0.8802797,-0.009260243,-0.1968204,-0.098389484,0.05579141,0.009513107,0.033641495,0.05832654,-0.4132553
Hernán Daniel Santana Trujillo,-0.20960271,0.121939,-0.038395513,0.16243745,-0.19033624,-0.005830158,-0.5306017,-0.41218805,-0.014765672,-0.054524213,0.040448654,-0.008647118,-0.0017442062,-0.0023933044,0.005896236,-0.083186105
Hugo Mallo Novegil,0.23853378,0.12611033,0.0049290583,0.06753512,-0.12379366,0.0005603905,-0.47039366,0.22510451,-0.013847722,-0.39856958,0.007405179,-0.013578902,0.0030787573,0.014780612,-0.010501553,0.9177561
Hugo Miguel Almeida Costa Lopes,-0.32977945,0.26372492,0.032444548,-0.06433909,0.006027298,0.011882639,-0.13833956,-0.07294653,-0.011310008,-0.4881821,-0.030096589,0.0090161115,0.0028073806,0.015143283,-0.018605579,0.44464782
Iago Aspas Juncal,-0.24558367,0.083141394,-0.050853115,0.2882018,-0.34714958,-0.0023152223,0.52681816,0.5361616,-0.012518389,0.2924722,0.04754686,-0.023840426,-0.023642486,-0.033182573,0.0033815654,-0.41580364
Idriss Carlos Kameni,1.1928028,-0.13759457,-0.03801437,0.12076823,0.04460517,-0.009159327,0.043028306,-1.6451851,-0.11369936,0.23216367,0.06404408,-0.023742685,-0.04115903,-0.05511846,0.10504405,-0.07392462
Ignacio Camacho Barnola,0.2797487,0.2499112,0.002297225,0.026212526,-0.042657908,-0.037863422,-0.17005686,0.6175584,0.023734014,-0.31269023,0.0078157205,-0.008505278,0.0031192692,-0.008634002,-0.0072932495,0.8190467
Ignacio Cases Mora,-0.33059272,0.28500295,-0.03158339,0.21877128,-0.29993156,0.01941418,-0.089621685,0.12527291,-0.035447583,0.20500149,0.03385089,-0.019516395,-0.030566743,-0.024623781,0.0025165104,0.52012163
Iker Muniain Goñi,-0.6798435,-0.03565802,-0.012447077,0.08604864,-0.12803678,0.021153845,-0.6916507,-0.10917686,0.03819652,0.29817888,0.07238807,0.018523527,-0.030235652,-0.037337758,-0.034018517,-0.5735011
Imanol Agirretxe Arruti,0.33246395,0.28859314,-0.019043008,0.24848546,-0.32296112,0.013533286,0.9337166,0.6330918,0.007894206,0.41737458,0.070983164,0.008917114,0.02149376,-0.011316883,0.031163443,-0.82232684
Isaac Ajayi Success,-0.8838762,-0.069957085,0.16040675,-0.4788413,0.50896186,-0.08141665,0.3949953,0.7797426,0.036765233,-0.045501098,-0.068562604,0.0602504,0.002342016,0.02576465,0.0609624,-0.6300804
Ismael López Blanco,-0.32384422,0.31380856,0.062100034,-0.124949135,0.09300905,-0.04011786,0.12899707,0.094499774,0.024522124,-0.2284315,-0.014925836,0.0075000525,0.007984222,0.0035340157,-0.008080601,0.5751285
Ivan Rakitić,0.022119738,-0.08372672,-0.06693998,0.3523656,-0.36698976,-0.012194086,-0.7407849,0.5300734,-0.015804328,0.5426387,0.114281945,-0.032335624,-0.03971933,-0.046123073,0.018526096,0.19546787
Iván Cuéllar Sacristán,1.6028601,-0.7359875,0.013957629,-0.3560552,0.6391293,-0.058533248,0.4671554,-1.2820005,0.06471036,0.2803113,-0.0232643,0.07880103,-0.046311427,0.03951538,0.06525427,0.20369898
Iván López Mendoza,-0.52613264,0.17808276,0.12346448,-0.3329726,0.30521515,-0.032594934,0.16039222,-0.2311621,0.04822043,-0.13341442,-0.05819302,0.035343327,0.00026132195,-8.841776e-05,-0.013848584,0.34014654
Iván Ramis Barrios,0.1422437,0.3520703,-0.027786933,0.1433499,-0.19598983,0.016249387,-0.19335206,-0.7069308,-0.048699368,-0.39512295,0.019017955,-0.0047318,-0.023921695,-0.0074712066,0.015771413,0.39737907
Iñaki Williams Arthuer,-0.08998436,-0.1675573,0.11336998,-0.27248427,0.29764548,-0.07966292,0.7858143,0.3132898,0.10853795,0.059391193,-0.009790171,0.050953098,-0.008871182,0.011164782,0.009074803,-0.5786039
Jackson Arley Martínez Valencia,-0.15857723,-0.10777845,-0.073083244,0.2503724,-0.29741412,0.058369834,0.9645751,-0.100667536,-0.01101764,0.08877016,0.03799579,-0.04946627,0.005346068,-0.017645441,-0.06013063,-0.73258746
James David Rodríguez Rubio,0.022607317,-0.54416376,-0.040146764,0.15815885,-0.08884843,-0.010452071,-0.50263226,0.60346526,0.00013606422,0.27635607,0.03337194,-0.012422312,-0.015009841,-0.034230582,-0.014694432,-0.315863
Jan Oblak,1.6132882,-0.4396003,0.040476847,-0.2965497,0.5205054,-0.038420927,0.2838768,-1.4441725,0.003507616,0.33893266,-0.020249015,0.056095894,-0.05007663,-0.015361738,0.08344941,-0.2035112
Jaume Doménech Sánchez,1.439703,-0.27552617,-0.013755598,-0.046784297,0.2500991,-0.012671019,0.08887245,-1.5642387,-0.0754202,0.34311545,0.04636323,-0.0036984796,-0.037437584,-0.055034388,0.095637806,0.08379608
Jaume Vicent Costa Jordá,0.39134032,0.25917923,-0.0016812092,0.07335391,-0.1371282,-0.003735303,-0.5482563,-0.13557777,0.0017383716,-0.46896976,0.014806824,-0.009024184,0.0057933386,0.012762457,-0.015936924,0.6161664
Javier Alejandro Mascherano,0.21336526,-0.25596544,-0.05367574,0.22934763,-0.2835028,0.036067583,-1.4223737,0.25287092,-0.043034006,0.511007,0.06800845,-0.008447362,-0.012698688,0.015200177,0.019443955,0.7208407
Javier Eraso Goñi,-0.23869672,0.032341614,-0.015476572,0.10110795,-0.11459873,-0.0025620316,0.28007767,-0.33994973,-0.0013702661,0.12860265,0.013312985,-0.03217395,0.0039379057,-0.00950612,-0.023418652,-0.49493665
Javier Fuego Martínez,0.052619718,0.18570694,-0.032245077,0.13744386,-0.21031344,0.0322341,-0.59058213,0.2763108,-0.051986452,-0.02063601,0.005445157,-0.016870601,0.005615682,0.011873492,0.0032462236,0.886074
Javier Garrido Behovide,0.08190104,-0.26139173,-0.018858995,0.17376757,-0.24582084,0.043286085,-0.9714316,-0.120411,-0.0030822305,0.20459549,0.05886753,0.0045795743,-0.0071944776,0.029832039,-0.020608442,0.8288704
Javier Guerra Rodríguez,0.10820795,0.17242746,-0.04660461,0.20267096,-0.2521125,0.034704644,1.0034535,0.64729846,-0.023903493,0.5035112,0.019809688,-0.0013077185,0.009118851,-0.01500129,0.011392402,-0.37243897
Javier López Rodríguez,-0.1051997,0.12974295,0.06423236,-0.1679167,0.122467615,-0.0035563787,-0.19859165,-0.09267821,0.029043777,-0.4665453,-0.034498,0.02483246,0.004445242,0.029680619,-0.021493154,0.61415833
Javier Márquez Moreno,-0.09508194,-0.05430602,-0.01528369,0.09915419,-0.093801335,-0.0090742465,0.5156019,-0.08765329,0.01815843,0.1889008,0.013877406,-0.0015141786,0.0076126973,-0.003091313,-0.014901519,0.3166858
Javier Varas Herrera,0.83272225,-0.51467216,0.008493974,-0.07189803,0.21244086,0.012851014,-0.26530564,-1.4121268,-0.0022817522,0.49925947,0.04862157,0.017931525,-0.013624669,-0.0061113792,0.034576062,0.48112088
Jean-Sylvain Claude Babin,0.2784965,0.53813016,-0.042937003,0.29991338,-0.38063735,0.030613678,-0.24719395,-0.7511297,-0.079538256,-0.16373684,0.08008054,-0.027777947,-0.010287822,-0.020269565,0.03226911,0.16169909
Jefferson Andrés Lerma Solís,-0.37247112,0.19705531,-0.0028763977,0.11891082,-0.19336697,-0.0071363896,0.026736237,0.0910746,0.025954992,-0.09690962,0.021072049,0.006128984,-0.017051395,-0.0012137764,-0.023242548,0.4104095
Jerónimo Figueroa Cabrera,-0.37499702,-0.35116345,0.0333177,-0.17014246,0.17677942,0.015595757,-0.65319526,0.21231815,0.034486767,0.052485123,-0.054300312,0.024246104,-0.0078305295,0.0059744883,-0.029646909,-0.26198766
Jesé Rodríguez Ruiz,-0.2709605,-0.34933493,-0.045322962,0.14304017,-0.0914511,-0.027091268,0.032193188,-0.4000283,0.028627815,-0.12357883,0.04204309,-0.03454776,-0.024061643,-0.008052854,-0.032347843,-1.1809745
Jesús Gámez Duarte,-0.071301155,0.22848114,0.07155194,-0.15679927,0.12282612,-0.00798122,0.12304604,-0.36212134,0.03394694,-0.42599916,-0.009558873,0.0200952,-0.0041740984,-0.006558201,-0.026298061,0.64189446
Joan Verdú Fernández,-0.5515457,-0.22771321,-0.019766359,0.14802817,-0.16037303,-0.03364929,-0.46538177,0.13035512,0.026029913,0.22722389,0.021627964,0.0029531023,-0.039550662,-0.0014771956,-0.00041170017,0.06707628
Joaquín José Marín Ruiz,-0.08302499,0.21603782,0.029337397,-0.0894786,0.063106075,0.0070732962,0.32057956,0.18535812,-0.010144023,-0.367692,-0.031432375,-0.00718317,0.0342195,0.022572644,-0.025617175,0.70103467
Joaquín Sánchez Rodríguez,-0.67941934,-0.33935323,0.04073059,-0.12766102,0.18031798,-0.060868226,0.079312466,0.17981845,0.022296168,-0.09556137,-0.041686602,0.016888516,-0.006424,0.025269426,0.014836033,-0.17340897
John Guidetti,0.07677421,0.15659702,-0.06394125,0.20419133,-0.25117466,0.06741654,0.91328573,-0.50352424,-0.051656086,0.20327652,0.01283585,-0.027423387,0.024926614,0.0050377166,0.0035962772,-0.8703299
Jonathan Castro Otto,0.24048369,0.19009165,-0.03310751,0.09240403,-0.13054465,0.0030569322,-0.5134173,0.33258355,-0.037200354,-0.5378038,-0.012623795,-0.030024825,0.012619561,0.00017551854,-0.01214288,0.6716312
Jonathan Javier Rodríguez Portillo,-0.09311173,-0.12638606,-0.06447884,0.07031397,-0.12076049,0.09048793,1.5310727,-0.22743416,0.01347431,0.26068425,-0.029864691,0.008783065,0.015732156,0.036351576,-0.051762406,-0.48124078
Jonathan Rodríguez Menéndez,-0.6992647,-0.27383572,0.19104874,-0.53794557,0.60315937,-0.12459278,0.24717061,0.56771606,0.08570739,-0.39351904,-0.07972677,0.06663358,0.012246443,0.03946159,0.046328794,-0.37425187
Jonathan Viera Ramos,-0.2541857,-0.3590857,-0.048355624,0.14528652,-0.075310774,-0.0011822022,-0.44404688,1.3420087,-0.027007373,0.34110987,0.045088768,-0.008704313,-0.040120013,-0.05864356,0.0096861385,-0.18289478
Jonathan dos Santos Ramírez,-0.57602155,-0.024497312,-0.0014768013,0.004497918,-0.01866488,-0.021153735,-0.26211166,0.13207199,0.001131691,-0.055333853,-0.020103667,-0.006791201,-0.011663989,0.015248006,-0.008255736,0.32814232
Jonathas Cristian de Jesus,-0.13781336,-0.09865975,-0.037526887,0.11899733,-0.16039455,0.07573982,1.0611316,0.33264145,-0.03969887,0.21557255,-0.010426926,-0.007839423,0.0058499835,0.010515292,-0.01763929,-0.7258211
Jonás Manuel Gutiérrez,-0.21033421,-0.46824148,0.14506814,-0.5143801,0.60539895,-0.07679944,0.13112268,-0.75457937,0.102984026,-0.11362683,-0.10192074,0.06721424,-0.017818715,0.03306224,0.018044725,-0.80764735
Jordi Alba Ramos,0.5104287,-0.7590563,-0.07445674,0.2169664,-0.16139422,0.008564174,-1.2081383,0.6562957,-0.033431116,0.2702665,0.023959566,-0.032973908,0.014800011,-0.00070734776,-0.014641765,0.65214604
Jordi Xumetra Feliu,-0.2707044,-0.13812825,0.0066959583,-0.022192596,0.022973482,0.026753046,0.8342838,-0.8365873,0.018977197,0.39051515,-0.015316244,-0.01511663,0.0173854,-0.028201433,-0.039703254,-0.59153515
Jorge Andújar Moreno,-0.25734702,0.17303115,-0.0063580433,0.053284902,-0.09706239,0.005088212,0.33115372,0.4104939,0.0063292724,0.028831666,0.009368805,0.0032085567,-0.015376029,-0.000944073,-0.008481209,0.4174704
Jorge Franco Alviz,-0.62753093,-0.45160925,0.030698076,-0.1399178,0.2023122,-0.05826044,0.32668206,-0.42353812,0.052351043,0.04857303,-0.020187957,0.0013115037,-0.0069014644,0.0009918623,-0.014479718,-0.84240806
Jorge Meré Pérez,0.14630364,0.42194065,-0.016248794,0.111780025,-0.19310646,0.046644226,-0.18582998,-0.71141386,-0.059549764,-0.34738633,0.024065804,-0.013009784,-0.016706694,-0.018120669,-0.0023850086,0.2967713
Jorge Molina Vidal,-0.16679628,-0.31691283,0.027779147,-0.08797567,0.10555014,0.027015325,1.0561793,-0.6160802,0.059811503,0.309349,-0.021930302,0.012921135,0.02782604,0.012275213,-0.06233136,-0.30631024
Jorge Resurrección Merodio,0.5529462,-0.79315084,-0.018282486,0.11489791,0.0370312,-0.08444872,-0.4156997,1.1901071,-0.019008547,0.08953701,0.0051278896,-0.030736266,0.012642491,-0.028055781,0.032988474,0.46694103
Joseba Zaldúa Bengoetxea,0.0059247506,0.32190868,0.07966291,-0.17106874,0.13917689,-0.0033325702,0.19059902,-0.04166835,-0.0015251501,-0.18044913,-0.023599321,-0.0071091023,0.008603021,-0.0033638964,-0.021538613,0.9693703
José Alberto Cañas Ruiz Herrera,0.1671702,0.017411893,0.06126889,-0.15437937,0.08420758,0.030042779,-0.65897745,-0.3202666,0.012731498,0.16935077,-0.032836504,0.02069682,-0.012407376,0.008202169,-0.0196052,0.30955255
José Antonio García Rabasco,0.02794589,-0.053096224,-0.00056218996,0.1664721,-0.19949088,-0.02271481,-0.30354857,0.24312195,0.0077263457,0.21620728,0.04633854,-0.0003260688,-0.011450711,0.005518642,0.011626498,0.5546002
José Antonio Reyes Calderón,-0.44590625,-0.18970008,0.07098118,-0.22354855,0.25915337,-0.060375113,0.73606396,-0.09804258,0.05886111,0.17299862,-0.036477994,0.026939118,0.007829369,0.02296828,8.7309316e-05,0.03803203
José Eduardo Rosa Vale de Castro,0.34546298,0.021331709,0.078969866,-0.1483024,0.11296335,-0.03465843,-0.730402,0.018062629,0.07837621,0.01683718,0.016683884,0.030297624,0.008231194,0.02220192,-0.0057944357,0.5351543
José Ignacio Fernández Iglesias,-0.0831428,0.33337674,-0.09367136,0.32631493,-0.44467825,0.056964997,-0.9600488,-0.370673,-0.059337724,-0.09394014,0.08249854,-0.018185321,-0.0045415373,0.009586771,0.004061273,0.30571595
José Ignacio Martínez García,0.0057461425,0.24897431,0.0175525,0.034101423,-0.077549845,0.0061976607,0.008313054,0.0029396191,-0.014994702,0.027190309,0.018795896,-0.0073119104,0.007044338,-0.0011643484,-0.005161486,0.9761234
José Ignacio Peleteiro Ramallo,-1.0456507,-0.067462556,0.05554459,-0.3306484,0.36980167,-0.02237305,0.46307567,0.04134545,-0.03858067,0.026129773,-0.08097333,0.00026103668,-0.010501347,0.0043597794,0.024435906,-0.58347934
José Luis García del Pozo,-0.43160343,-0.028711203,-0.019200772,0.11747396,-0.15023956,-0.0076211807,-0.22232288,0.42037123,-0.0072590187,0.12011262,0.006495645,0.0041182516,-0.03756736,-0.005275264,0.0021567037,0.47856
José Luis Gayà Peña,-0.49568954,0.019166077,0.077223614,-0.11129148,0.06197435,-0.018083194,-0.54489815,-0.10616332,0.0037691426,0.20853128,-0.02692855,0.028273687,-0.00706887,0.022727204,0.016210504,0.4622659
José Luis Morales Nogales,-0.7245053,-0.1490287,0.14466085,-0.4881643,0.5086105,-0.029422093,0.27727303,0.73219997,0.038196724,-0.147482,-0.077542156,0.07059056,-0.010576166,0.040285036,0.04070357,-0.5408048
José María Giménez de Vargas,0.0429297,0.34797624,0.0044952994,0.112863,-0.17631963,0.021985667,0.08355098,-0.68251383,-0.03055626,-0.26440614,0.025599506,-0.00093357667,-0.0026258484,-0.018053519,-0.002707472,0.37153828
José María Martín-Bejarano Serrano,-0.26271144,0.15571581,-0.016239272,0.09037953,-0.13128456,0.009055021,-0.039130215,-0.31770715,0.016374772,0.08566847,0.0063709826,0.0075350255,-0.02543904,-0.0073293378,-0.019759221,0.32300583
José Raúl Baena Urdiales,-0.1643858,0.19034453,0.009672011,0.053249758,-0.10965237,0.019083053,-0.07075278,-0.07393029,-0.02308012,0.040937696,-0.001549053,-0.0071063414,-0.005458607,-0.004272047,-0.011320036,0.41236314
José Vicente Gómez Umpiérrez,0.03936994,-0.13453923,-0.0149382595,0.1342189,-0.14965001,-0.009814562,-0.61125964,0.3359482,-0.02728716,0.36016956,0.011475726,-0.020171955,-0.013933806,-0.0028386186,0.024297351,0.28813204
Jozabed Sánchez Ruiz,-0.0231775,0.13311,-0.031312022,0.30761674,-0.30269375,-0.076367825,-0.12704366,0.4732069,0.009760518,0.33305117,0.09890879,-0.013975309,-0.049982566,-0.05218433,0.05508772,-0.038293395
João Pedro Cavaco Cancelo,-0.6220084,0.007923265,0.12356212,-0.3725058,0.3964128,-0.057529267,-0.5513299,0.35993,0.017922623,-0.6971661,-0.09125686,0.042971585,0.013673691,0.030636786,0.023555024,-0.058988802
Juan Antonio Rodríguez Villamuela,-0.06831193,0.3519815,-0.025882587,0.13874333,-0.24061583,0.04299548,-0.012581218,-0.2680433,-0.02784641,-0.34147304,0.0050000125,-0.0075312974,-0.0077324617,0.0031686844,-0.025434744,0.54712003
Juan Carlos Martín Corral,0.8125889,-0.27814215,-0.05119105,0.1538452,-0.017130282,0.009540555,-0.35533372,-1.584444,-0.075865604,0.4133595,0.09593511,-0.022621354,-0.027126033,-0.03369833,0.06654608,0.29343107
Juan Carlos Pérez López,-0.40210474,-0.06873257,0.061415512,-0.11840253,0.11718561,-0.054478988,0.2913233,0.018359693,0.054869916,-0.01000848,-0.03195276,0.019606914,-0.0038906485,0.008165719,0.002583406,0.054938015
Juan Carlos Valerón Santana,-0.47211313,-0.5117358,-0.038482044,0.011170034,0.0014555976,0.0554955,-0.9985203,-0.44898832,-0.013487642,0.3359362,-0.013868547,-0.02642664,0.023977319,0.002897639,-0.045471393,-0.8303624
Juan Emmanuel Culio,-0.41453862,-0.3184546,0.019019328,-0.1622604,0.22721446,-0.038721412,-0.67259246,-0.070350945,-0.0053470903,0.058774266,-0.057323698,0.0041004834,-0.026726497,0.0031326867,0.024349635,-0.5023154
Juan Francisco García García,0.1117887,-0.04834971,0.14522384,-0.38066873,0.40405566,-0.068571426,-0.21434402,-0.43720245,0.08548798,-0.2849567,-0.04570985,0.05470641,-0.0075489087,0.030243373,0.008947915,0.5529483
Juan Francisco Moreno Fuertes,-0.20356639,0.28480145,0.09417975,-0.24033494,0.20396717,-0.046232425,-0.23075193,0.06070682,0.0649781,-0.4210995,-0.02101942,0.031421337,0.0025986023,0.0066737193,-0.015299881,0.5466565
Juan Francisco Torres Belén,-0.3644501,0.13393517,0.090544716,-0.15641692,0.10363128,-0.035957832,-0.649817,0.05317952,0.055660777,-0.32484388,-0.0122016035,0.03990556,-0.00045650685,0.011063327,-0.007981659,0.6029949
Juan Isaac Cuenca López,-0.634088,-0.012637073,-0.001893622,-0.011156193,0.011511993,-0.0396082,-0.21839684,-0.09539786,-0.004069038,-0.24572586,-0.028293215,0.0019351474,-0.037835304,0.008401993,0.017491577,-0.69236875
Juan Manuel Vargas Risco,-0.011932193,0.16334191,0.044856034,-0.01597743,0.0065164594,-0.04539468,-0.049584508,0.037646007,0.040159687,-0.38732535,0.011507421,0.02392547,-0.011726281,-0.006025283,-0.00041915997,0.53644824
Juan Pablo Añor Acosta,-0.75339526,0.12850629,0.060337637,-0.17458236,0.1605825,-0.04192915,-0.028951705,0.1298044,0.004134374,-0.08351783,-0.032851104,0.024340482,-0.008998841,-0.0012970122,0.03144477,-0.55919266
Juan Rafael Fuentes Hernández,-0.27898222,0.2994408,-0.0016736109,0.12045108,-0.16669141,0.019306587,-0.28567725,-0.83244133,-0.069723286,-0.03258439,0.029209863,0.00089989975,-0.012466237,0.0017090596,0.026130145,0.52640224
Juan Torres Ruiz,0.17170756,0.52880925,0.0057167835,0.059742656,-0.15071072,0.029268347,-0.080279626,-0.44846126,-0.032174144,-0.64140904,0.016849153,-0.011810576,-0.010777978,-0.021242838,-0.024193415,0.6127259
Jérémy Mathieu,-0.024917956,-0.22484046,-0.07482227,0.2966965,-0.32874158,0.012827557,-0.88528574,-0.3236575,-0.024491226,0.18412778,0.07269527,-0.0152657945,-0.021004712,0.010330884,0.006334552,0.18252084
Karim Benzema,0.2919815,0.12356996,-0.06851737,0.40754426,-0.49451768,0.03354596,0.40639043,0.7730671,0.020192698,0.41081694,0.12152481,0.005988205,0.0055920007,-0.03461235,0.0012889187,-1.2497886
Kevin Gameiro,0.05081387,0.20068783,-0.090706825,0.30578518,-0.38982645,0.057549283,0.92938775,0.28399202,-0.05619688,0.09723865,0.044119127,-0.03918828,0.020963635,0.0060722064,0.0020200296,-1.0085036
Keylor Navas Gamboa,1.1262833,-0.0783636,-0.03346493,0.1198569,0.008679769,0.012045485,-0.010486859,-1.5872406,-0.10179385,0.34452587,0.06956411,-0.025834149,-0.025813749,-0.058183685,0.07519779,-0.095181875
Kléper Laveran Lima Ferreira,0.021296164,0.0626862,-0.035789736,0.20043772,-0.29139888,0.01815921,-1.0721388,0.12616219,0.0044991947,0.050895628,0.074185066,0.006049027,-0.010859097,0.010675355,-0.0060982625,0.5909789
Laureano Sanabria Ruiz,-0.14267866,0.22845747,0.06800901,-0.14529388,0.1073338,-0.01997787,-0.32124478,-0.5331016,0.019338049,-0.3828831,-0.010302905,0.01570821,-0.008308052,0.005036464,-0.0050586876,0.4627444
Leonardo Carrilho Baptistão,-0.38394624,-0.3419501,0.068007454,-0.25958493,0.28362182,-0.04356679,0.89217496,-0.0047066533,0.07643039,0.30745745,-0.05233883,0.024237247,0.008878825,0.03463262,-0.011380941,-0.5418805
Lionel Andrés Messi Cuccittini,-0.074657366,-0.6953093,-0.09498624,0.070573635,-0.059780236,0.29713568,-0.8713335,1.8160514,-0.15261789,0.3633911,0.086117305,-0.0033790187,-0.046605326,-0.070309535,-0.07354866,-1.4401494
Lucas Alfonso Orbán Alegre,-0.3094538,0.2693111,0.062060248,-0.12704214,0.07996347,-0.022157207,-0.38716698,-0.23811242,0.017708842,-0.40655184,-0.005386515,0.026652668,0.00037703253,0.01914818,-0.005304145,0.62340593
Lucas Hernández Pi,0.18233424,0.26790768,0.022681272,0.018906444,-0.056511432,0.03141855,0.1646331,-0.710173,-0.0480287,-0.17924455,-0.005757342,-0.01090819,0.0084722275,-0.009932118,-0.004082054,0.40877494
Lucas Pérez Martínez,0.08538324,0.018252183,-0.06853309,0.37682942,-0.4022714,-0.02626978,0.6670704,0.8402877,-0.019333167,0.28688404,0.076812625,-0.018614978,-0.01777479,-0.031940427,0.032444585,-0.49778605
Lucas Vázquez Iglesias,-0.14976618,-0.37582248,-0.012507681,0.13594554,-0.096045636,-0.065037675,-0.23732123,0.30928376,0.034012288,-0.0749294,0.028339691,-0.026501842,-0.043204688,-0.018765984,-0.003963057,-0.48631403
Luciano Vietto,-0.44714883,-0.33833402,-0.048401546,0.14950955,-0.15362176,0.0034851313,0.28692377,-0.07714536,-0.013989505,0.21912399,-0.0032352179,-0.02230889,-0.008185295,-0.0035339852,-0.017922357,-0.50234467
Luis Alberto Romero Alconchel,-0.42858103,-0.43523738,0.0060791424,0.03139185,-0.00491094,-0.048604697,0.52995765,0.6159039,0.0685149,0.20886262,0.043521326,0.0054488964,-0.02021866,-0.03247737,-0.01816506,-0.59890807
Luis Alberto Suárez Díaz,0.2136484,-0.13726626,0.013675963,0.1397884,-0.16691534,0.051401194,0.31633803,1.213307,-0.03860543,0.11810556,0.0753809,0.02300202,-0.018945867,-0.023978956,0.030592786,-1.2972523
Luis Carlos Correia Pinto,-0.30455762,-0.1145533,0.14905508,-0.42394486,0.45686942,-0.064031094,0.17081796,-0.44679326,0.081358925,0.034520198,-0.08212062,0.050396513,-0.003039782,0.0023845285,0.00044356717,-0.049726065
Luis Hernández Rodríguez,0.48875868,0.5451178,-0.010567899,0.008258333,-0.11021568,0.025349021,-0.6074332,-0.28618276,0.007816805,-0.956066,0.018985232,-0.0029453826,0.019319803,-0.009202505,-0.0394716,0.57790625
Luka Modrić,0.2377439,-0.4474858,-0.0909039,0.18226421,-0.14420924,0.01145475,-1.2583643,1.0950482,-0.031314556,0.19347869,0.009709498,-0.043109436,-0.007941713,-0.047474295,-0.019847631,0.40319777
Mamadou Sylla Diallo,0.034415334,-0.27529672,-0.024672562,-0.124566056,0.1771305,0.023044229,1.0632058,-0.8139021,0.006942041,0.16719055,-0.0351865,0.00909564,0.027968844,0.058141857,-0.004193559,-0.80505013
Manuel Agudo Durán,-0.40275943,-0.39540073,0.14574671,-0.40424928,0.47139585,-0.017699815,-0.027447166,1.3402967,0.018536711,-0.08401699,-0.03864888,0.05428887,-0.011100201,-0.008293471,0.030977383,-0.7728609
Manuel Trigueros Muñoz,-0.24015744,-0.03573104,-0.029765232,0.2406428,-0.30303922,0.015760815,-0.24229698,0.12192451,0.008008255,0.42947063,0.058441814,-0.006467369,-0.02518458,-0.009439965,-0.011709481,0.38583964
Marc Bartra Aregall,0.16701148,-0.15500861,-0.07235126,0.22400346,-0.16834591,-0.011250601,-0.803073,-0.5992432,-0.035616275,0.045164373,0.0681526,-0.04036003,0.0206883,-0.014534379,0.008449274,-0.7253784
Marcelo Alfonso Díaz Rojas,0.09112525,-0.18069571,-0.10148387,0.37319702,-0.40640905,0.014797656,-1.074346,0.36085433,-0.020228865,0.3192479,0.09520912,-0.029368646,-0.04333047,-0.015302514,0.0038995456,0.5270635
Marcelo Vieira da Silva Júnior,-0.11672364,-0.29321185,0.039025627,-0.17865592,0.22712313,-0.016464068,-1.3674967,1.0704156,0.0071193445,-0.12960336,-0.06200758,0.0046024704,0.025695322,-0.025486052,-0.02518711,0.23267952
Marco Asensio Willemsen,-0.5261069,-0.44223046,0.014349082,-0.05220191,0.11461245,-0.03891645,0.097740345,0.7677665,0.014833319,0.105326,-0.01596488,0.022672031,-0.016569221,0.008258171,0.014082811,-0.058634378
Marcos Alberto Angeleri,0.38278648,0.5333541,-0.026516546,0.13491708,-0.22025625,0.05433571,-0.0050175926,-0.7024743,-0.08098065,-0.3000153,0.008855531,-0.025088092,0.0025216679,-0.010462829,0.009934166,0.32794538
Mariano Ferreira Filho,-0.30426744,0.14374787,0.03329747,-0.06952103,0.034597825,-0.006454964,0.13511181,-0.009578481,-0.0009300902,-0.40859202,-0.022843558,0.0012031127,0.011741852,0.01616468,-0.019220721,0.4478087
Mario Gaspar Pérez Martínez,0.102386676,0.14422409,0.0056831758,0.07854542,-0.119282596,0.0075813313,-0.2628514,0.104078434,0.012326959,0.035706934,0.041952595,0.0019446135,-0.0032636768,-0.009708952,-0.016968265,0.6539439
Markel Bergara Larrañaga,0.04138274,0.48953408,-0.04876261,0.18785888,-0.30864832,0.084579065,0.16876018,-0.12563622,-0.06394686,-0.2142038,-0.009970896,-0.033092763,0.004939637,-0.00200388,-0.033896588,0.24527209
Markel Susaeta Laskurain,-0.46470714,-0.27159163,0.08998809,-0.22449274,0.2790802,-0.09267203,0.25423452,0.3193165,0.020860216,-0.3681345,-0.049607538,0.010380193,-0.00063650974,0.026432522,0.023624329,-0.3006363
Martín Montoya Torralbo,0.009569865,0.17901912,0.008285465,-0.07167322,0.03539198,-0.011289926,-0.36803147,0.46097338,-0.039734703,-0.53563744,-0.073104635,-0.024000943,0.027319958,0.043189283,-0.008276618,0.87471986
Mateo Kovačić,-0.36900568,-0.37341782,-0.09814712,0.24037619,-0.23452173,0.031672116,-0.77119845,-0.22459851,-0.027796077,0.2871895,0.019952929,-0.036189068,-0.0082393745,-0.0027624199,-0.023763185,-0.42691615
Mateo Pablo Musacchio,0.07729331,0.24133712,0.02531469,0.0671035,-0.12629004,0.0011041289,-0.75382084,-0.5728832,0.006769277,0.054170728,0.060537845,0.010778595,-0.014456793,-0.010311718,0.0075275474,0.18341492
Matías Nahuel Leiva Esquivel,-0.6537083,-0.19531515,0.06090764,-0.27118835,0.31258368,-0.03930347,0.5076034,-0.2636821,0.02121611,-0.05277347,-0.067036845,0.024110729,0.003275523,0.02135464,0.008137171,-0.31278077
Mauricio Andrés Cuero Castillo,-0.6598177,-0.43979996,0.1291103,-0.44663298,0.51682967,-0.10108473,0.4409927,-0.37929294,0.08271969,0.014759573,-0.08314058,0.028571598,-0.0025618884,0.023885477,0.006267446,-0.8757611
Mauricio Lemos Merladet,-0.13625713,0.36352152,-0.058628023,0.21154614,-0.31155515,0.035584956,-0.41219297,-0.4571473,-0.02025243,-0.30293995,0.03345439,-0.0026310012,-0.009820835,0.014384985,-0.00023116097,0.26334965
Mauro Javier Dos Santos,0.38064048,0.23395747,0.03665351,-0.066277504,0.048561,0.02181731,0.3995946,-0.7341199,-0.007191602,-0.4788316,-0.0065714084,0.022192884,-0.01698974,-0.02065346,-0.008691212,0.48326933
Mehdi Lacen,-0.16045804,0.20946205,-0.012201407,0.1209638,-0.20471767,0.01626172,-0.42476055,0.12346443,-0.02080157,0.061551843,0.01591881,0.0044896477,-0.011521273,0.017959155,0.0059901145,0.8563655
Michael Krohn-Dehli,-0.44061026,-0.12549756,-0.059958242,0.20899943,-0.2154577,-0.0014590756,-0.15605648,-0.06268397,-0.028972317,0.21329987,0.0147838015,-0.018293878,-0.023440989,-0.007193673,0.007105273,-0.14271861
Miguel Torres Gómez,0.13686198,0.11259322,0.008556545,0.039745897,-0.06645002,0.050375808,0.33522174,-0.47986346,-0.04754282,-0.24243529,-0.0044384254,-0.0045971507,0.00074561214,0.000105408224,-0.028945008,0.7907439
Miguel Ángel Guerrero Martín,0.0096614035,-0.026834847,-0.051172066,0.057909023,-0.0943597,0.089059725,1.0445083,-0.18190867,-0.036674973,0.08614651,-0.038996305,-0.019303557,0.010942384,0.014563445,-0.04909146,-0.47901535
Mikel Balenziaga Oruesagasti,-0.0133271245,0.28973517,0.028931689,-0.029316569,-0.026821245,-0.01293909,-0.35797948,-0.10502678,-0.0145283835,-0.57235557,-0.014316975,-0.0070399614,0.0072013508,0.0106006265,-0.0027948136,0.53502584
Mikel González de Martín Martínez,0.16104908,0.572331,-0.03348977,0.19070907,-0.2852956,0.05181107,-0.01598784,-0.6800431,-0.09310594,-0.32134104,0.016622534,-0.03594726,0.0073498827,-0.024551462,0.004302717,0.37980884
Mikel Oyarzabal Ugarte,-0.47381124,0.101883635,0.07165249,-0.11617763,0.11840113,-0.064237006,0.5128478,0.43516898,0.018542448,0.07501112,-0.005055436,0.012638748,-0.017950878,-0.016528122,0.037287343,-0.33372876
Mikel Rico Moreno,-0.32070905,0.04558202,-0.038010903,0.17601694,-0.22362147,0.033432007,0.45434088,-0.39488736,-0.02446987,-0.054089673,0.0100152,-0.021408131,0.0058766743,-0.011367533,-0.02607788,-0.23635425
Mikel San José Domínguez,0.20103942,0.108245574,-0.022605488,0.12930681,-0.18814029,0.012388861,-0.2567121,0.2823076,-0.013433471,-0.24234572,0.011146243,-0.017823208,-0.009021236,0.0111868745,-0.01893272,0.55035603
Moisés Gómez Bordonado,-0.55286825,-0.0626124,-0.07021109,0.20655783,-0.20448247,-0.015262357,-0.043911107,-0.3678415,-0.019690087,0.019701801,0.029966822,-0.03744983,-0.015595311,-0.0053705983,-0.0063776956,-0.779864
Mubarak Wakaso,-0.6738726,-0.1582974,0.03431949,-0.15307762,0.1524141,-0.015012748,-0.1231957,-0.13571298,0.0523993,0.22009735,-0.022119135,0.026539715,-0.021496268,-0.006244466,-0.016167417,-0.41374984
Munir El Haddadi Mohamed,-0.34009212,0.087704346,-0.0013660808,0.0844078,-0.12105015,-0.014783682,0.016332746,-0.21413822,0.025998434,0.06778519,0.037690815,-0.011446187,-0.013004327,-0.024445586,-0.019626774,-0.6481865
Nabil El Zhar,-0.7258871,-0.019768387,0.008607902,-0.039039467,0.035844155,-0.022769405,0.083919,-0.13286965,-0.017800068,-0.10293831,-0.007203389,0.0052480055,-0.012455106,0.014360723,0.020567803,-0.5893812
Nabil Ghilas,-0.27598974,-0.36232355,0.042681236,-0.29273325,0.3605578,-0.026900724,1.1047479,-0.24216582,0.036295265,-0.004071724,-0.066646785,0.034398478,0.01155082,0.056773067,0.0029771149,-0.46595022
Nemanja Radoja,-0.14522536,0.111791834,0.032282647,-0.10752926,0.059108976,0.0072665736,-0.47718552,-0.32734174,0.02635652,0.005019886,-0.029969739,0.014484838,-0.01832925,0.006251282,-0.009118854,-0.14086117
Neymar da Silva Santos Junior,-0.21709333,-0.60093415,0.022183824,-0.1705815,0.22633237,0.17971425,-0.8204079,1.9571315,-0.123711415,0.23982681,0.0053938995,0.028757358,-0.030546816,-0.046158697,0.0010192131,-1.1281025
Nicolás Ladislao Fedor Flores,0.016543398,0.08053348,-0.06894816,0.26563218,-0.29736525,0.017064463,0.8245342,0.4525579,-0.054433923,0.059034973,0.01103016,-0.012769602,0.011263181,0.019129582,0.029116562,-0.5679027
Nordin Amrabat,-0.7714101,-0.4969719,0.03678768,-0.23816632,0.30782178,-0.051233612,0.625977,0.55104434,0.07643829,0.39315063,-0.04330354,0.04461601,-0.0033850255,0.028895605,-0.008317897,-0.20044143
Ognjen Vranješ,0.47337562,0.65710074,0.011302189,-0.018867495,-0.03160087,0.040675446,0.29389253,-0.59877276,-0.058885586,-0.71094674,-0.002867889,-0.014819221,-0.01724683,-0.033129882,-0.008016652,0.68651986
Omar Mascarell González,0.03633875,0.19036205,-0.02545609,0.063369796,-0.09358812,0.030415181,0.08133455,-0.27489412,-0.029422121,-0.33024135,-0.00021981404,-0.018270351,0.009819103,0.010762883,-0.031286564,0.39404312
Oriol Riera Magem,0.23952746,-0.23617709,0.0053426437,-0.052675586,0.06406431,0.046415083,0.99368745,-0.27746525,0.035953145,0.3999839,-0.015210924,0.026132375,0.025969192,0.013125032,-0.023890752,-0.53682977
Pablo Daniel Piatti,-0.4962128,0.008867243,0.023824925,-0.1690112,0.18953824,-0.005485443,0.7814322,-0.39289677,-0.0026942021,-0.07826004,-0.05693992,0.0026080369,0.010678783,0.0058596074,-0.0020845358,-0.2932532
Pablo Fornals Malla,-0.5037618,-0.10827854,0.0072060996,-0.016987475,0.025681742,-0.041848626,-0.04063624,-0.18684939,0.022192474,0.18780361,-0.018579453,-0.004859278,0.00719941,0.000716903,0.0056670466,-0.20397319
Pablo Hernández Domínguez,-0.45176914,-0.16259593,0.041648403,-0.026193155,0.02275202,-0.054286495,-0.1504706,0.446509,0.045842685,0.13811858,0.0063649868,0.004909833,-0.022812247,-0.028199397,-0.0021215118,0.014078244
Pablo Pérez Rodríguez,-0.08650737,-0.16222665,-0.10265278,0.089981236,-0.06396648,0.08507357,1.0845942,-0.23362961,-0.041509487,-0.030917339,-0.020489715,-0.025766658,0.026188403,0.034160383,-0.05628136,-0.42660752
Pablo Sarabia García,-0.28307256,-0.2707459,0.09171084,-0.23841573,0.33301368,-0.10235065,0.3428953,1.1054095,0.03849743,-0.025192317,-0.017717863,0.031553242,-0.0006113425,-0.0016259198,0.05526093,-0.08466986
Papa Kouly Diop,0.03300147,0.49534512,0.02302116,0.042015556,-0.1462329,0.004786104,-0.20674187,0.1442738,0.016117249,-0.39502284,0.013333797,0.0032775854,-0.007605419,0.005439897,-0.020464687,0.64922476
Pau López Sabata,1.6151339,-0.3999061,0.047941096,-0.30065715,0.5116527,-0.03731096,0.066521674,-1.2713743,-0.00061326113,0.4725478,-0.015458428,0.03248708,-0.042770438,-0.019910276,0.071086206,-0.1096245
Pedro Bigas Rigo,0.1210735,0.5812258,-0.029460596,0.168692,-0.30534744,0.016715832,-0.681389,0.12203294,-0.006503135,-0.4145634,0.049578674,-0.013189833,-0.012556802,-0.0042721294,-0.012052022,0.54271287
Pedro León Sánchez Gil,-0.43962651,-0.33878043,0.108813696,-0.41536933,0.4860306,-0.049541183,0.5891497,0.18492518,0.05150663,-0.16999963,-0.079061486,0.04319627,0.007412695,0.04089976,0.010873413,-0.38367155
Pedro López Muñoz,-0.16324528,0.46159056,0.068235606,-0.10562842,0.037639085,-0.0017046087,-0.48737806,-0.03322303,-0.010369192,-0.33128428,-0.004688,0.015223263,0.001205601,-0.003883798,0.004329389,0.2774786
Pedro Mosquera Parada,0.054662254,0.06690399,-0.04976555,0.22237195,-0.28468078,0.01699643,-0.46689925,0.4717487,-0.024511376,0.102143675,0.032477606,-0.021825006,-0.015225905,-0.0022232544,-0.0054045254,0.93319196
Pedro Pablo Hernández,-0.046704624,-0.15895174,-0.03522188,0.11677395,-0.08345375,-0.026825568,-0.12185895,0.5739521,-0.024474544,0.0973922,-0.023232114,-0.028426088,0.0017499531,-0.009743367,0.0072194757,0.4172562
Pedro Taunausú Domínguez Placeres,-0.3138884,-0.12571238,-0.020954115,0.17083721,-0.16276436,-0.04693765,-0.33790943,0.75664407,-0.0098872725,0.30933538,0.032401893,-0.011415046,-0.04433503,-0.028572734,0.03679176,0.21632272
Petros Matheus dos Santos Araújo,-0.2939554,0.26883546,-0.017627615,0.1237315,-0.19064628,0.01495898,-0.11074099,0.25545672,-0.05310047,-0.057937525,-0.0084044,-0.016130667,-0.0030909358,0.008219754,0.009403922,0.69695246
Rachid Aït-Atmane,-0.21844685,-0.012736712,0.04291014,-0.10006281,0.0529889,0.0023580948,0.031206602,-0.12217258,0.03736653,-0.12919798,-0.031362146,0.028836876,0.0016454849,0.030273294,-0.0199476,0.28501308
Raphaël Varane,0.07092955,0.24609202,-0.052098665,0.25372502,-0.38743973,0.05189734,-0.93135417,-0.09697461,-0.03242996,0.07239178,0.0652359,-0.015079796,-0.006164306,0.012424056,-0.007046657,0.6126905
Raúl Albentosa Redal,0.26931328,0.47469372,0.022982134,0.049677595,-0.14303614,0.03245846,0.121777564,-0.48311648,-0.010698798,-0.39699543,0.027491141,0.007677741,-0.0066917012,-0.018417139,-0.01539175,0.5593967
Raúl García Escudero,0.10900193,-0.28881425,-0.005333858,0.06078483,-0.007366886,-0.04701838,0.80114406,0.6823127,0.03742051,-0.018038092,0.015556731,0.0012116716,-0.006454858,-0.008491396,0.0064405836,-0.043941032
Rene Krhin,-0.043259073,0.36808732,-0.018122673,0.052933138,-0.13985863,0.059874453,0.27400845,-0.4508953,-0.0297373,-0.30277857,-0.018514093,-0.0021262509,0.00025518966,0.00260233,-0.02250994,0.070054315
Ricardo Jorge Luz Horta,-0.8151459,0.1328098,-0.037918426,0.083534785,-0.12983486,0.00773351,0.29230574,-0.32746178,-0.02489007,0.09976058,-0.017024849,-0.025028449,-0.009295228,-0.016513828,-0.01612285,-0.53829736
Ricardo Miguel Moreira da Costa,-0.12136059,0.44128805,-0.04357802,0.34527946,-0.46603394,0.060591247,-0.118304506,-0.76707965,-0.08056838,0.22334535,0.08137653,-0.014163029,-0.0072567156,-0.013723071,0.0153706735,0.19530787
Ricky van Wolfswinkel,0.2517814,-0.1330706,-0.043994024,0.12543744,-0.14693199,0.0732062,1.0946887,-0.46166423,-0.0062542916,-0.04299398,-0.0058469377,-0.0216103,0.009260695,-0.015066973,-0.057505652,-0.54050976
Robert Ibáñez Castro,-0.7607773,-0.14063852,-0.074962504,0.17904653,-0.19348471,0.03498058,0.37289423,-0.6995877,-0.046689436,0.056501642,0.0022960682,-0.04404443,0.008474406,-0.0041440376,-0.026965417,-0.8294986
Roberto José Rosales Altuve,-0.262961,0.050919954,0.06600572,-0.124446884,0.08842544,-0.031573594,-0.25552133,0.2670394,0.056392886,-0.3056971,-0.02137454,0.029577909,0.008073129,0.030631743,-0.020825524,0.738799
Roberto Lago Soto,-0.04840059,0.2944876,-0.011507397,0.082019664,-0.13405727,-0.0049735922,-0.29025534,-0.22452584,-0.034924626,-0.5648753,0.0041811583,-0.016101606,-0.019255467,0.0038205516,-0.00424058,0.4004681
Roberto Román Triguero,-0.0676382,0.22844766,-0.022531435,0.14640152,-0.19125718,0.01071212,-0.135772,-0.11967848,-0.047975708,-0.18893927,0.025954207,-0.018589122,-0.008743477,0.008013754,-0.0020665945,0.6729005
Roberto Soldado Rillo,-0.02503917,-0.4246201,0.0018286428,0.07107251,-0.022951756,-0.034475937,0.60225916,0.5025362,0.0019575704,-0.019042904,-0.00040797624,-0.008793747,-0.0062945234,0.008024022,-0.0052374,-0.040118486
Roberto Trashorras Gayoso,0.373134,-0.61534953,-0.011156336,0.054968733,0.056177005,-0.054558434,-0.8288836,1.0521222,-0.036151603,0.3360905,0.008209225,-0.02224335,0.00604441,-0.025165811,0.036240444,0.54170763
Rodrigo Moreno Machado,-0.18116474,-0.23069192,0.0032289142,-0.08415608,0.12324539,-0.015528273,0.6535344,0.02790268,0.040141784,0.02105576,-0.017783266,0.017478341,-0.012779789,0.021511843,-0.0075752046,-0.44241056
Roger Martí Salvador,0.043200944,-0.23492825,-0.02033309,-0.0359835,0.025632607,0.061408836,1.4296404,-0.47709394,0.045600962,0.42131492,-0.013181062,0.029696394,0.046217646,0.037765242,-0.036864556,-0.54505193
Roque Luis Santa Cruz Cantero,-0.30436602,-0.22107397,-0.022256527,0.05690609,-0.040893134,0.0067908345,0.21053162,-0.698417,0.010744757,0.13777031,0.003972915,-0.020095281,-0.0057202755,0.0035586238,-0.018760158,-1.0542748
Roque Mesa Quevedo,-0.0862289,-0.28327993,-0.055935018,0.14143041,-0.12273146,-0.010687879,-0.9017143,0.91156304,-0.033865005,0.35578543,-0.0032266965,-0.021552293,-0.022875413,-0.02978173,0.01398274,0.50637686
Rubén Castro Martín,-0.04690138,0.21748975,-0.028735321,0.333506,-0.4015049,-0.034543306,0.54166925,0.53056544,0.04288236,0.425714,0.114654996,-0.011761304,-0.013000933,-0.05154546,0.003176273,-0.7247425
Rubén Duarte Sánchez,0.33294427,0.3529766,-0.0027472025,0.00050378864,-0.057095464,0.02586954,0.04486015,-0.29174605,-0.0078085284,-0.6747849,-0.0026066015,0.00015391545,0.0051845643,-0.006037451,-0.035638433,0.6259559
Rubén García Santos,-0.5385342,0.042220764,0.076527014,-0.22037734,0.2535052,-0.062332537,0.30181164,-0.35565755,0.012491538,0.08201557,-0.037159424,0.014310948,0.01916019,0.0001242154,0.029245978,-0.3718879
Rubén Gracia Calmache,-0.88487107,0.0031276084,0.09165254,-0.24113818,0.24936934,-0.09486152,-0.07402867,-0.2838251,0.06967154,-0.20406778,-0.041262712,0.03351939,-0.009301844,0.014413966,0.011741919,-0.049395278
Rubén Iván Martínez Andrade,1.4930756,-0.38519648,0.0033246002,-0.17800264,0.40740785,-0.036344346,0.2677203,-1.4878129,-0.017617512,0.3287491,0.013445067,0.02907485,-0.039852638,-0.018429065,0.081348754,0.007946225
Rubén Pardo Gutiérrez,0.051515035,-0.28603736,-0.045040365,0.17058125,-0.14198163,-0.015270994,-0.12651937,0.13813785,0.009224258,0.06372849,0.03797603,0.001610717,-0.01959263,-0.0026551199,-0.00045241628,0.20304133
Rubén Rochina Naixes,-0.42797804,-0.19340181,0.050316803,-0.17146738,0.21925074,-0.047485366,0.19781913,0.71965545,0.032033432,-0.055848006,-0.014840395,0.029796276,-0.01697848,-0.0022683162,0.015734049,-0.22285628
Rubén Salvador Pérez Del Mármol,-0.06449261,0.04673513,0.019282315,-0.0300077,0.00096237275,-0.02399051,-0.1864174,0.40089697,0.010365118,-0.15080617,-0.039158035,-0.0016734981,0.0048346724,0.019480566,-0.003910528,0.75664985
Rúben Miguel Nunes Vezo,0.11222654,0.4177065,0.029933821,-0.0806419,0.012640829,0.010223607,-0.104377195,-0.41734615,0.004855471,-0.7043468,-0.009117483,0.013143918,-0.0057905265,-0.0001440325,-0.0245818,0.57844937
Răzvan Dincă Raț,0.2999225,0.033879895,0.10914145,-0.2502422,0.19870968,-0.01536241,-0.64752996,0.1964151,0.103942916,0.010357571,-0.008795748,0.029514533,0.0067870095,0.0010057263,-0.036685973,0.6226851
Sabin Merino Zuloaga,-0.35061705,0.012186848,0.06718033,-0.18424252,0.18733314,-0.049284548,0.8273417,-0.18116227,0.041614138,0.13423315,-0.0021640684,0.016911011,0.0063359053,-0.006544722,0.0085348,-0.6102986
Salvador Sevilla López,-0.12969206,-0.07635808,-0.006736036,0.13122013,-0.15714775,0.0036326011,-0.38932046,-0.4621662,0.017185144,0.51485366,0.054422118,-0.010932839,-0.013696741,-0.038884517,-0.008782372,-0.3789235
Samuel Castillejo Azuaga,-0.7156624,-0.05661433,0.12693058,-0.4084933,0.46970138,-0.1056062,0.41898853,0.09961877,0.052728135,-0.14137344,-0.07612588,0.044713963,0.0015970783,0.02060244,0.039239738,-0.1359503
Samuel García Sánchez,-0.2996408,-0.37440425,0.09824062,-0.22527963,0.26300615,-0.045354262,0.5309099,-0.17740043,0.08259413,0.29158974,-0.026088137,0.04014861,-0.0033293532,0.023247771,-0.008132605,-0.17189468
Santiago Mina Lorenzo,-0.704719,0.083480544,0.034877107,-0.068574704,0.06444782,-0.04580459,0.48112178,0.10813712,-0.015605305,0.1738605,-0.030157432,-0.0010346252,-0.00706473,0.0074649868,0.025368745,-0.172996
Santiago Vergini,0.1013121,0.6528955,-0.05803784,0.19239426,-0.29457444,0.016203726,-0.63463855,-0.5362633,-0.046100367,-0.8051107,0.05059665,-0.021882549,-0.0070545883,-0.010241673,0.0072242953,0.3678714
Saúl Berjón Pérez,-0.09522525,-0.43708536,0.12091735,-0.3715656,0.48292404,-0.10335471,0.6447675,0.057895705,0.089386754,-0.08739858,-0.059116974,0.042671666,0.011099647,0.03574076,0.023548994,-0.41554224
Saúl Ñíguez Esclapez,-0.10113538,0.105191,-0.061082613,0.12082154,-0.106585525,-0.003498512,0.3567825,0.81576335,-0.039535653,-0.12549525,-0.01785393,-0.023416461,-0.010164234,0.004418181,0.01941152,0.2564374
Sebastián Carlos Cristóforo Pepe,0.068624556,0.05752852,-0.027976085,0.11091934,-0.12852795,-0.0043157605,-0.48787722,0.024582624,-0.05685582,0.08296776,-0.0038085405,-0.01165282,-0.006461715,0.007754247,0.03691413,0.35860088
Sergi Gómez Solà,0.3786218,0.14010642,-0.03187505,0.12641758,-0.22683366,0.02641766,-1.1151737,-0.0398467,-0.006658566,-0.37835225,0.045635145,-0.011349151,0.010382172,0.010530583,-0.026804984,0.7405606
Sergi Roberto Carnicer,-0.13429329,-0.4422123,-0.041842744,0.11349055,-0.10379898,0.018342363,-0.7638972,0.23944242,-0.0074025043,0.27982745,0.0015783448,-0.010164594,-0.02474599,0.0059168576,-0.011470428,0.03794769
Sergio Busquets i Burgos,0.29786894,-0.57128596,-0.054163307,0.22267409,-0.21228878,0.012521769,-1.24155,0.5776762,-0.04325983,0.382303,0.032467227,-0.02422594,-0.018682871,0.0058846865,0.014744557,0.6466564
Sergio Canales Madrazo,-0.5089249,-0.19029947,-0.054024976,0.26125735,-0.28302354,-0.0027110288,0.060572,-0.065665364,0.021831898,0.64796615,0.05824844,-0.0040068096,-0.007422638,-0.025368363,-0.008246072,-0.024201926
Sergio Enrich Ametller,0.23797221,-0.3298161,-0.032512326,0.119259045,-0.07453207,0.0110019175,1.1513268,0.34686893,-0.036062017,0.110349916,-0.010739392,-0.021634942,0.025151826,0.017495101,-0.0013664287,-0.1156331
Sergio Escudero Palomo,-0.05999098,0.24066538,0.02684335,-0.06342706,0.06577307,-0.05309259,0.10762196,0.2956438,0.018036323,-0.13872026,-0.0026414548,-0.00031456104,0.003903645,0.0067434656,0.016759593,0.58000565
Sergio Ezequiel Araújo,-0.35668316,-0.15471599,-0.06367695,0.17286846,-0.19785957,0.023700066,0.88051766,0.33378354,-0.004628726,0.2980992,0.014614094,-0.019476948,0.0076594222,-0.0008033332,-0.021665096,-0.5648311
Sergio Gontán Gallardo,-0.425702,-0.057751324,0.06237298,-0.1939713,0.26067477,-0.07007029,0.60972315,0.77859885,-0.0012613183,0.101529576,-0.06110508,0.010860194,0.020703763,0.022201765,0.03691664,0.26893258
Sergio Ramos García,0.33105934,0.19026041,-0.096756615,0.30148375,-0.38842773,0.02991089,-1.0060115,0.25970647,-0.018043358,-0.06010763,0.07858112,-0.028051749,0.0058282213,-0.021766376,-0.019832646,0.5537556
Sergio Rico González,0.9316863,-0.2702523,-0.061503433,0.15122631,0.008140761,0.011800985,-0.044180654,-1.7072086,-0.08251605,0.24720447,0.08953044,-0.016184252,-0.03837791,-0.04975892,0.071704626,0.1275124
Sergio Álvarez Conde,0.901233,-0.56658864,-0.025991991,-0.06324878,0.2591483,-0.005395725,0.082801,-1.6453798,0.012472642,0.32628953,0.050000455,0.032423843,-0.026592754,-0.005447771,0.042913932,0.30322152
Sergio Álvarez Díaz,-0.07075639,0.07411217,0.06262097,-0.07677335,0.060153764,-0.03384724,0.08108665,0.3066436,-0.003239125,-0.07615458,-0.032485384,0.002395295,0.0068427217,0.023672223,0.014182023,0.75359356
Shkodran Mustafi,0.32742304,0.4571295,-0.034664575,0.15432279,-0.2775862,0.031612355,-0.49686012,0.07507598,-0.021091545,-0.35917988,0.032624677,-0.009017956,0.016911397,0.021136131,-0.013242059,0.7218123
Sidnei Rechel da Silva Júnior,-0.09139498,0.44319582,0.014561054,0.009300632,-0.12364022,0.017404294,-0.491883,-0.39021134,0.007147595,-0.6185596,0.014740534,0.013997897,-0.005251339,0.004034088,-0.024473755,0.5695836
Simão Mate,-0.034576487,0.48994157,0.007018928,0.07712432,-0.18174292,0.028001374,-0.01711501,-0.41738325,-0.019903293,-0.41074643,0.018642988,0.0017130909,-0.022695119,-0.012254355,-0.014234443,0.56155807
Sofiane Feghouli,-0.43670171,-0.41005957,0.12016107,-0.3500711,0.39465836,-0.04439516,0.41553724,0.06832503,0.10338883,0.26309606,-0.054444138,0.05918302,-0.008971707,0.01372232,-0.021648351,-0.20357096
Stefan Savić,0.06520106,0.5520509,-0.00905299,0.14780161,-0.2839001,0.061325092,-0.16293071,-0.65813076,-0.06494321,-0.36736724,0.033317722,-0.010749644,-0.0014558004,-0.007948339,-0.008304423,0.764835
Stefan Šćepović,0.015873725,0.08039369,-0.024942605,0.13054824,-0.16213533,0.034178317,0.8381606,-0.37159383,-0.020154025,0.27915415,0.01654888,-0.01634646,0.007183225,-0.004636068,-0.0155155985,-0.40849897
Steven N''Kemboanza Mike Christopher Nzonzi,-0.23738448,0.04628401,-0.012964121,0.17631438,-0.2169769,-0.005345758,-0.08823632,-0.15652381,-0.008511532,0.26273048,0.041335326,0.0010094317,-0.0052900966,0.006575188,0.01098715,0.24056308
Sérgio Paulo Barbosa Valente,-0.39998204,-0.32410157,0.15333682,-0.42703712,0.5009587,-0.107777156,0.109120734,-0.0954643,0.1270307,0.06705874,-0.065018386,0.053952593,-0.006336698,0.0074141403,0.004273978,-0.2354604
Takashi Inui,-0.32434142,-0.1290368,0.03692472,-0.10181526,0.12089278,-0.038747985,0.5143603,-0.098281905,0.04736898,0.021392439,-0.022818284,0.006061201,-0.021898594,-0.018868146,-0.013407398,-0.39566195
Thomas Teye Partey,-0.4701869,0.03710901,-0.054398067,0.20167485,-0.21065018,0.01265739,0.16267048,-0.55186296,-0.043145373,0.07898093,0.041123092,-0.040571745,0.00633702,-0.011422684,-0.015922772,-0.8253113
Thomas Vermaelen,0.4568223,-0.1519465,-0.01201771,0.07713364,-0.110875204,0.020643925,-1.1727266,-0.42800292,0.00897637,0.51143676,0.032992147,-0.018144164,0.0013818018,-0.0030294072,0.007759407,-0.49579993
Théo Bongonda Mbul''Ofeko Batombo,-0.52143764,-0.12606375,0.094500475,-0.29107556,0.2979631,-0.05950254,0.13541567,0.033610348,0.0540916,0.17207678,-0.056753296,0.011629555,-0.008424239,-0.0053011435,0.007140304,-0.79899573
Tiago Cardoso Mendes,0.43975952,-0.26398996,-0.08415295,0.29532203,-0.2728402,-0.027170759,-0.95457876,0.2659226,-0.018687407,-0.06076152,0.06344021,-0.03773286,0.0047199386,-0.006929645,-0.00021173593,0.32870707
Tiago Manuel Dias Correia,-0.602401,-0.38148624,0.05837795,-0.22271347,0.27919155,-0.06710773,0.5562978,0.4340428,0.05627174,-0.06804221,-0.02922833,0.022771167,-0.0147667425,0.0024076689,0.0041258214,-0.5854547
Timothée Kolodziejczak,-0.14691654,0.21794228,-0.004024593,0.14575349,-0.26666516,0.032499645,-0.5545367,-0.33330047,-0.006594097,0.0055574044,0.045266304,0.0025278903,-0.005323554,0.009489922,-0.011797578,0.70432407
Tomás Pina Isla,-0.12886827,0.10533302,-0.010871541,0.10693171,-0.19013825,0.05075741,-0.044809677,-0.4377007,-0.011080818,-0.022863144,0.010871807,-0.0091110775,-0.008585166,0.0044794357,-0.03595195,0.30659062
Toni Kroos,0.7361479,-0.82830983,-0.11762304,0.2846829,-0.18898833,-0.003566358,-1.2177566,1.1243271,-0.069077685,0.29174668,0.009185145,-0.060684733,0.006377765,-0.03517214,0.0051807836,0.6216001
Vicente Guaita Panadero,1.3215264,-0.4025851,-0.0023756332,-0.14827733,0.3510108,-0.0032189924,0.39247808,-1.5612088,-0.008254512,0.31734988,0.027703023,0.036456767,-0.02880307,-0.025185011,0.06053522,0.2644597
Vicente Iborra De La Fuente,0.34558603,0.13441443,-0.013778721,0.12200431,-0.15264785,0.03479492,1.0101135,0.023096219,-0.005496685,0.11900007,0.0266324,-0.0117967045,0.020451304,-0.00654822,-0.024180602,-0.15618068
Víctor Camarasa Ferrando,-0.36071602,0.02087282,-0.051029235,0.23406175,-0.26619905,-0.0050198613,-0.05003959,0.1097504,-0.025833737,0.09925996,0.023376817,-0.017602436,-0.03360852,-0.006963431,0.009434231,0.091078825
Víctor Casadesús Castaño,-0.28978813,-0.13485985,0.035705816,-0.015223912,0.021046894,-0.035772566,0.47957984,-0.6139112,0.035138194,0.12805992,0.0008713691,-0.0024049277,0.0070700604,-0.0004579801,-0.0011266633,-0.52854675
Víctor Guillermo Álvarez Delgado,-0.49854237,-0.21857683,0.14231251,-0.45232815,0.49460334,-0.08180738,0.3712614,-0.12752216,0.098743975,-0.19200343,-0.08545579,0.06386553,0.009067529,0.05002125,-0.0032720638,0.06748577
Víctor Machín Pérez,-0.55902207,-0.2904087,0.07434221,-0.25856262,0.33056888,-0.084330365,0.36276913,0.47622696,0.034043666,-0.0038060737,-0.060368996,0.0276052,0.0023357465,0.024266018,0.028920157,0.054093592
Víctor Rodríguez Romero,-0.5255158,0.07784888,-0.05850256,0.15808375,-0.19137146,0.007946644,-0.07879144,0.42880595,-0.02076434,0.25585285,0.009764992,-0.016637359,-0.036238853,-0.033184722,0.0013599852,-0.029914625
Víctor Ruíz Torre,0.31316712,0.31046307,0.013438885,0.0141474055,-0.116544396,0.019801805,-0.77228034,-0.4101868,0.018416135,-0.35080075,0.028883746,0.0020712377,0.007913528,-0.00658961,-0.029100183,0.56179684
Víctor Sánchez Mata,-0.12975258,-0.10015995,-0.03110863,0.10414967,-0.12191519,-0.0052958746,0.07159056,0.3075699,-0.0034290114,-0.21912111,-0.030304877,-0.013704062,0.0033560158,0.021636264,-0.0187812,0.40044075
Wanderson Maciel Sousa Campos,-0.8647665,-0.062788054,0.0032251813,-0.112640224,0.111915685,-0.010910038,0.29299557,-0.4341422,-0.00012310446,0.10950427,-0.0458315,-0.00035200937,0.025730517,0.013806751,0.0025673783,-0.8983806
Weligton Róbson Pena de Oliveira,0.33383268,0.2706702,0.013393218,0.026092505,-0.07793592,0.016711755,-0.1310072,-0.57445794,-0.01621682,-0.56096995,0.02262054,0.01052377,-0.015447268,0.0111345565,-0.0002713404,0.7797189
Willian José da Silva,-0.16376065,0.0921192,-0.04297092,0.23684852,-0.28163654,0.014011996,0.66156286,0.0072740125,-0.004672659,0.41290894,0.06466489,-0.013218148,0.013175951,-0.016494226,0.0009132461,-0.75780827
Xabier Etxeita Gorritxategi,0.16430049,0.27854955,-0.029858898,0.15821296,-0.24540761,0.035510954,-0.3094801,-0.4013608,-0.035936,-0.30720252,0.034321137,-0.00248309,-0.013250915,0.0123141,0.0029514893,0.6039763
Xabier Prieto Argarate,-0.3283156,-0.35962096,0.05104606,0.013003996,-0.004845204,-0.04802366,-0.12773974,-0.007863926,0.031014584,0.36846322,-9.118455e-05,0.0119036995,-0.0039756494,0.019683097,0.015772874,0.19023567
Xavier Torres Buigues,-0.085599154,0.048517052,-0.045092605,0.13473903,-0.112396,-0.001968232,0.024354853,-0.7815502,-0.021214848,0.21680078,0.027227033,-0.0038251302,-0.012271643,-3.4631652e-05,0.013584471,0.16310579
Yannick Ferreira Carrasco,-0.9742411,0.022206437,-0.012047371,-0.056462616,0.017070817,0.027957255,-0.032111872,0.5166318,-0.020813419,0.082438916,-0.02337203,0.005783906,0.0011073055,0.0068239127,-0.0014132112,-0.69989955
Yevhen Konoplyanka,-0.2861908,-0.23628223,0.10204898,-0.3072712,0.33362123,-0.05490295,0.35995534,0.026867533,0.08318021,0.1485461,-0.027028957,0.034051653,-0.016456705,-0.006687746,0.00045345796,-0.6957049
Youssef El-Arabi,0.0740424,0.32903272,-0.029587522,0.15753576,-0.1994338,0.013455844,1.0371118,0.4501068,-0.037744276,0.21897069,0.023149772,-0.011879993,0.016148634,0.00209256,0.027739935,-0.6143422
Yuri Berchiche Izeta,0.050578896,-0.061437912,0.006189437,0.012857445,-0.035302263,-0.022702781,-0.34794515,0.44883093,0.021242859,-0.4600928,-0.012916991,0.009978104,-9.282714e-06,0.03126536,-0.01630451,0.7981347
Zakaria Bakkali,-0.33989462,-0.3853646,0.09210333,-0.25105494,0.32168669,-0.079979345,-0.09907899,-0.5500818,0.0581553,-0.0020841123,-0.03837661,0.014026302,-0.00142938,-4.518802e-05,0.0036501884,-1.0431339
Zouhair Feddal,0.48774824,0.5344456,-0.009295438,0.053738058,-0.13915072,0.02665317,-0.16253117,-0.35465035,-0.022483137,-0.72649854,0.013342927,-0.0014477836,-0.005692467,-0.0005124359,-0.012490943,0.5351902
Álvaro Cejudo Carmona,-0.5271623,-0.029341996,0.06092916,-0.24347973,0.26892325,-0.06282029,0.34006062,0.15365854,0.04791945,-0.2862533,-0.05965129,0.035584092,-0.0214397,0.021323148,0.019604027,-0.14880021
Álvaro González Soberón,0.11609917,0.18371858,0.0049042045,0.08195785,-0.13818152,0.028898465,-0.09156403,-0.44685376,-0.02360275,-0.039357074,0.03489174,0.005799408,0.0021381052,0.0026403947,-0.0037760776,0.73670554
Álvaro Medrán Just,-0.33299175,0.233651,-0.05644394,0.20309587,-0.27765265,0.008574798,-0.20122972,0.17290266,0.01380049,0.15839007,0.027652254,-0.005416733,-0.028142234,-0.018208496,-0.01868466,-0.17425716
Álvaro Negredo Sánchez,0.05543321,-0.13761401,-0.06456834,0.1871728,-0.22542104,0.074074715,1.2945914,-0.05140682,-0.005536396,0.23955992,0.010755797,-0.010704005,0.03589375,0.020475244,-0.035730835,-0.7176995
Álvaro Vázquez García,-0.027314708,-0.050029106,-0.08483481,0.17177008,-0.18064316,0.072564885,1.2486528,-0.12169423,-0.051826674,0.005518168,-0.02099159,-0.033603985,0.023854107,0.021908673,-0.03311305,-0.53098196
Ángel Lafita Castillo,-0.4202785,-0.015967177,0.0029218586,-0.068298236,0.06951298,-0.012237842,0.80932564,0.4954092,-0.012391629,-0.111087464,-0.031868644,0.0055247326,0.0013958336,0.03071208,0.019464629,-0.5320757
Ángel Martín Correa,-0.5122692,-0.22539872,0.09371046,-0.2969895,0.30733076,-0.042001303,0.5157489,0.05285535,0.07101628,0.08356045,-0.031443503,0.014550846,-0.024915336,0.0013722685,-0.01852572,-0.91816
Éver Maximiliano David Banega,-0.38213816,-0.28853026,0.08923918,-0.24681059,0.32809857,-0.07003226,-0.4683367,0.96373767,0.0179107,0.3275642,-0.042978477,0.031156488,-0.005627081,-0.021238007,0.049103554,-0.21688987
Íñigo Lekue Martínez,-0.6244114,0.03596282,0.07767417,-0.25811252,0.26390275,-0.054360207,0.03904972,-0.07577541,0.04337387,-0.17202014,-0.048739832,0.023680631,0.007757242,0.0078016864,0.003702526,-0.14488392
Íñigo Martínez Berridi,0.15459436,0.3822664,0.006853307,0.035084315,-0.1288034,0.012286808,-0.4639548,-0.06722911,0.013924864,-0.4200541,0.030858066,0.010712353,-0.012717417,-0.0088652875,-0.020595362,0.7822553
Óliver Torres Muñoz,-0.42856544,-0.33690962,-0.008051995,0.022658285,-0.035305135,0.0013363699,-0.34566522,-0.33473498,0.033439606,0.3668234,-0.03562262,-0.008560375,-0.00020565075,0.014008028,-0.03322038,-0.4678383
Óscar Esau Duarte Gaitán,0.57762975,0.4215077,-0.009578215,0.107014395,-0.17584157,0.04035793,0.1855018,-0.43389103,-0.03322154,-0.45194143,0.016375752,-0.011600607,-0.02543625,-0.020239908,-0.005567525,0.34118253
Óscar de Marcos Arana,-0.06206774,0.18701878,0.06288443,-0.15934531,0.12898988,-0.030937882,-0.15238237,0.38989043,0.01595492,-0.49286816,-0.05267025,0.010187484,0.011120509,0.03308804,-0.0024568692,0.6228248
